status,config_key,units,dropout,l2,learning_rate,batch_size,batch_norm,epochs_run,best_epoch,training_seconds,val_accuracy,val_precision,val_recall,val_f1,val_roc_auc,error,source,optimizer,activation,model_key
ok,"{""activation"": ""relu"", ""batch_norm"": false, ""batch_size"": 512, ""dropout"": 0.3, ""l2"": 1e-05, ""learning_rate"": 0.01, ""optimizer"": ""SGD"", ""units"": [512, 256, 128]}",512-256-128,0.3,1e-05,0.01,512,False,150,147,226.53979969979264,0.8591987348444913,0.8213711445695073,0.7949915110356537,0.8079660651376807,0.9379857748389816,,Focused Search,SGD,relu,512-256-128|SGD|lr=0.01|dropout=0.3|l2=1e-05|batch=512|bn=False
ok,"{""batch_norm"": false, ""batch_size"": 512, ""dropout"": 0.3, ""l2"": 1e-05, ""learning_rate"": 0.001, ""units"": [256, 128, 64]}",256-128-64,0.3,1e-05,0.001,512,False,64,56,49.46250450005755,0.8597258829731155,0.829126213592233,0.7853706847764572,0.8066555256848071,0.9377959583057904,,Broad Search,Adam,relu,256-128-64|Adam|lr=0.001|dropout=0.3|l2=1e-05|batch=512|bn=False
ok,"{""batch_norm"": true, ""batch_size"": 512, ""dropout"": 0.3, ""l2"": 0.0001, ""learning_rate"": 0.0005, ""units"": [256, 128, 64]}",256-128-64,0.3,0.0001,0.0005,512,True,80,80,83.18040880002081,0.8583552978386927,0.8105770594073444,0.8088568194680249,0.8097160257772112,0.9377316420261792,,Broad Search,Adam,relu,256-128-64|Adam|lr=0.0005|dropout=0.3|l2=0.0001|batch=512|bn=True
ok,"{""batch_norm"": true, ""batch_size"": 256, ""dropout"": 0.4, ""l2"": 1e-05, ""learning_rate"": 0.0005, ""units"": [256, 128, 64]}",256-128-64,0.4,1e-05,0.0005,256,True,80,76,129.97090819990262,0.8585661570901423,0.8104205012034547,0.8098471986417657,0.810133748496214,0.937695011286761,,Broad Search,Adam,relu,256-128-64|Adam|lr=0.0005|dropout=0.4|l2=1e-05|batch=256|bn=True
ok,"{""activation"": ""relu"", ""batch_norm"": false, ""batch_size"": 512, ""dropout"": 0.3, ""l2"": 1e-05, ""learning_rate"": 0.001, ""optimizer"": ""AdamW"", ""units"": [256, 128, 64]}",256-128-64,0.3,1e-05,0.001,512,False,67,55,69.52644490008242,0.8579335793357934,0.8227306273062731,0.7886247877758913,0.8053167665968359,0.9376639081455354,,Focused Search,AdamW,relu,256-128-64|AdamW|lr=0.001|dropout=0.3|l2=1e-05|batch=512|bn=False
ok,"{""batch_norm"": true, ""batch_size"": 512, ""dropout"": 0.4, ""l2"": 0.0005, ""learning_rate"": 0.0005, ""units"": [256, 128, 64]}",256-128-64,0.4,0.0005,0.0005,512,True,80,77,81.30643810005859,0.8575645756457565,0.8201818715165737,0.7911714770797963,0.8054155264294973,0.937566931487358,,Broad Search,Adam,relu,256-128-64|Adam|lr=0.0005|dropout=0.4|l2=0.0005|batch=512|bn=True
ok,"{""batch_norm"": false, ""batch_size"": 512, ""dropout"": 0.4, ""l2"": 0.0001, ""learning_rate"": 0.001, ""units"": [256, 128, 64]}",256-128-64,0.4,0.0001,0.001,512,False,79,71,63.48976879986003,0.8590405904059041,0.8263517528223411,0.7870684776457272,0.806231884057971,0.9375536711953504,,Broad Search,Adam,relu,256-128-64|Adam|lr=0.001|dropout=0.4|l2=0.0001|batch=512|bn=False
ok,"{""batch_norm"": false, ""batch_size"": 512, ""dropout"": 0.4, ""l2"": 0.0, ""learning_rate"": 0.001, ""units"": [256, 128, 64]}",256-128-64,0.4,0.0,0.001,512,False,76,68,56.22502140002325,0.8599894570374275,0.8303384246780473,0.7845217883418223,0.8067801542266841,0.9374835539094644,,Broad Search,Adam,relu,256-128-64|Adam|lr=0.001|dropout=0.4|l2=0.0|batch=512|bn=False
ok,"{""activation"": ""relu"", ""batch_norm"": false, ""batch_size"": 512, ""dropout"": 0.3, ""l2"": 1e-05, ""learning_rate"": 0.001, ""optimizer"": ""Nadam"", ""units"": [256, 128, 64]}",256-128-64,0.3,1e-05,0.001,512,False,56,44,59.57703009992838,0.8614654717975752,0.8286941071957359,0.7918788907753254,0.8098683258573289,0.937470899870162,,Focused Search,Nadam,relu,256-128-64|Nadam|lr=0.001|dropout=0.3|l2=1e-05|batch=512|bn=False
ok,"{""activation"": ""relu"", ""batch_norm"": false, ""batch_size"": 512, ""dropout"": 0.3, ""l2"": 1e-05, ""learning_rate"": 0.0005, ""optimizer"": ""RMSprop"", ""units"": [384, 192, 96]}",384-192-96,0.3,1e-05,0.0005,512,False,111,99,129.24355260003358,0.8613073273589879,0.8295944139058089,0.7900396151669496,0.8093340097108486,0.9374488548575868,,Focused Search,RMSprop,relu,384-192-96|RMSprop|lr=0.0005|dropout=0.3|l2=1e-05|batch=512|bn=False
ok,"{""activation"": ""relu"", ""batch_norm"": false, ""batch_size"": 512, ""dropout"": 0.3, ""l2"": 1e-05, ""learning_rate"": 0.001, ""optimizer"": ""RMSprop"", ""units"": [256, 128, 64]}",256-128-64,0.3,1e-05,0.001,512,False,138,126,126.74228420015424,0.8605693199789141,0.8267100014773231,0.7917374080362196,0.8088458480884585,0.9374429112036168,,Focused Search,RMSprop,relu,256-128-64|RMSprop|lr=0.001|dropout=0.3|l2=1e-05|batch=512|bn=False
ok,"{""batch_norm"": false, ""batch_size"": 128, ""dropout"": 0.4, ""l2"": 0.0001, ""learning_rate"": 0.001, ""units"": [256, 128, 64]}",256-128-64,0.4,0.0001,0.001,128,False,67,59,132.78855409985408,0.8602003162888772,0.8220536756126021,0.7973967176004527,0.8095374892272336,0.9372501466180564,,Broad Search,Adam,relu,256-128-64|Adam|lr=0.001|dropout=0.4|l2=0.0001|batch=128|bn=False
ok,"{""batch_norm"": true, ""batch_size"": 512, ""dropout"": 0.4, ""l2"": 0.0, ""learning_rate"": 0.001, ""units"": [256, 128, 64, 32]}",256-128-64-32,0.4,0.0,0.001,512,True,69,61,73.51358889997937,0.8567211386399578,0.7972123531019404,0.8254102999434069,0.8110663144724037,0.937243578880419,,Broad Search,Adam,relu,256-128-64-32|Adam|lr=0.001|dropout=0.4|l2=0.0|batch=512|bn=True
ok,"{""batch_norm"": true, ""batch_size"": 128, ""dropout"": 0.3, ""l2"": 0.0001, ""learning_rate"": 0.00025, ""units"": [256, 128, 64, 32]}",256-128-64-32,0.3,0.0001,0.00025,128,True,75,67,217.47766419989057,0.8598840274117027,0.811089164785553,0.8133842671194115,0.8122350946595084,0.9372195308564558,,Broad Search,Adam,relu,256-128-64-32|Adam|lr=0.00025|dropout=0.3|l2=0.0001|batch=128|bn=True
ok,"{""batch_norm"": true, ""batch_size"": 128, ""dropout"": 0.4, ""l2"": 0.0005, ""learning_rate"": 0.00025, ""units"": [256, 128, 64, 32]}",256-128-64-32,0.4,0.0005,0.00025,128,True,76,68,187.8589971999172,0.8555086979441223,0.7956004918704741,0.8238539898132428,0.8094807812608605,0.937203560258238,,Broad Search,Adam,relu,256-128-64-32|Adam|lr=0.00025|dropout=0.4|l2=0.0005|batch=128|bn=True
ok,"{""batch_norm"": false, ""batch_size"": 128, ""dropout"": 0.2, ""l2"": 0.0001, ""learning_rate"": 0.001, ""units"": [256, 128, 64, 32]}",256-128-64-32,0.2,0.0001,0.001,128,False,53,45,113.98273460008204,0.8583025830258303,0.8114334470989761,0.8073005093378608,0.8093617021276596,0.9371897650373732,,Broad Search,Adam,relu,256-128-64-32|Adam|lr=0.001|dropout=0.2|l2=0.0001|batch=128|bn=False
ok,"{""batch_norm"": false, ""batch_size"": 256, ""dropout"": 0.3, ""l2"": 0.0001, ""learning_rate"": 0.001, ""units"": [256, 128, 64]}",256-128-64,0.3,0.0001,0.001,256,False,63,55,74.16480519995093,0.8608328940432262,0.8249192838274142,0.7952744765138653,0.8098256735340729,0.9371689979104014,,Broad Search,Adam,relu,256-128-64|Adam|lr=0.001|dropout=0.3|l2=0.0001|batch=256|bn=False
ok,"{""activation"": ""relu"", ""batch_norm"": false, ""batch_size"": 512, ""dropout"": 0.3, ""l2"": 1e-05, ""learning_rate"": 0.001, ""optimizer"": ""Nadam"", ""units"": [512, 256, 128]}",512-256-128,0.3,1e-05,0.001,512,False,46,34,69.65024700015783,0.8562467053241961,0.8012491325468425,0.8167798528579513,0.8089399565613395,0.9371059832910098,,Focused Search,Nadam,relu,512-256-128|Nadam|lr=0.001|dropout=0.3|l2=1e-05|batch=512|bn=False
ok,"{""batch_norm"": true, ""batch_size"": 128, ""dropout"": 0.3, ""l2"": 0.0001, ""learning_rate"": 0.001, ""units"": [256, 128, 64]}",256-128-64,0.3,0.0001,0.001,128,True,62,54,148.6504212000873,0.8565629942013706,0.800997091815538,0.8183361629881154,0.8095737980264539,0.9370617862800876,,Broad Search,Adam,relu,256-128-64|Adam|lr=0.001|dropout=0.3|l2=0.0001|batch=128|bn=True
ok,"{""batch_norm"": false, ""batch_size"": 128, ""dropout"": 0.2, ""l2"": 0.0, ""learning_rate"": 0.001, ""units"": [256, 128, 64]}",256-128-64,0.2,0.0,0.001,128,False,39,31,77.09708380000666,0.8579335793357934,0.815740072202166,0.7992359932088285,0.8074037018509255,0.9370447101622312,,Broad Search,Adam,relu,256-128-64|Adam|lr=0.001|dropout=0.2|l2=0.0|batch=128|bn=False
ok,"{""activation"": ""relu"", ""batch_norm"": false, ""batch_size"": 512, ""dropout"": 0.3, ""l2"": 1e-05, ""learning_rate"": 0.001, ""optimizer"": ""Adam"", ""units"": [512, 256, 128]}",512-256-128,0.3,1e-05,0.001,512,False,47,35,70.83676559990272,0.8570901423299947,0.8058402358556788,0.812110922467459,0.8089634275244874,0.9370444902470344,,Focused Search,Adam,relu,512-256-128|Adam|lr=0.001|dropout=0.3|l2=1e-05|batch=512|bn=False
ok,"{""activation"": ""relu"", ""batch_norm"": false, ""batch_size"": 512, ""dropout"": 0.3, ""l2"": 1e-05, ""learning_rate"": 0.001, ""optimizer"": ""AdamW"", ""units"": [512, 256, 128]}",512-256-128,0.3,1e-05,0.001,512,False,47,35,71.08179750014096,0.8570901423299947,0.8058402358556788,0.812110922467459,0.8089634275244874,0.9370444902470344,,Focused Search,AdamW,relu,512-256-128|AdamW|lr=0.001|dropout=0.3|l2=1e-05|batch=512|bn=False
ok,"{""activation"": ""relu"", ""batch_norm"": false, ""batch_size"": 512, ""dropout"": 0.3, ""l2"": 1e-05, ""learning_rate"": 0.001, ""optimizer"": ""RMSprop"", ""units"": [384, 192, 96]}",384-192-96,0.3,1e-05,0.001,512,False,80,68,93.41755330003798,0.8586188719030048,0.8192139737991266,0.7962648556876061,0.8075764098148945,0.9370393311553884,,Focused Search,RMSprop,relu,384-192-96|RMSprop|lr=0.001|dropout=0.3|l2=1e-05|batch=512|bn=False
ok,"{""activation"": ""relu"", ""batch_norm"": false, ""batch_size"": 512, ""dropout"": 0.3, ""l2"": 1e-05, ""learning_rate"": 0.0005, ""optimizer"": ""Nadam"", ""units"": [384, 192, 96]}",384-192-96,0.3,1e-05,0.0005,512,False,78,66,93.26531050004996,0.8608856088560886,0.8307692307692308,0.7869269949066214,0.8082540143863983,0.9370187245070736,,Focused Search,Nadam,relu,384-192-96|Nadam|lr=0.0005|dropout=0.3|l2=1e-05|batch=512|bn=False
ok,"{""activation"": ""relu"", ""batch_norm"": false, ""batch_size"": 512, ""dropout"": 0.3, ""l2"": 1e-05, ""learning_rate"": 0.001, ""optimizer"": ""Nadam"", ""units"": [384, 192, 96]}",384-192-96,0.3,1e-05,0.001,512,False,56,44,70.01657380000688,0.8616236162361623,0.8221899927483683,0.8020656479909452,0.8120031511852753,0.9370136545702372,,Focused Search,Nadam,relu,384-192-96|Nadam|lr=0.001|dropout=0.3|l2=1e-05|batch=512|bn=False
ok,"{""batch_norm"": true, ""batch_size"": 128, ""dropout"": 0.4, ""l2"": 0.0001, ""learning_rate"": 0.0005, ""units"": [256, 128, 64]}",256-128-64,0.4,0.0001,0.0005,128,True,80,79,189.06605020002465,0.855983131259884,0.8069082672706682,0.8064516129032258,0.806679875459949,0.9370102310255504,,Broad Search,Adam,relu,256-128-64|Adam|lr=0.0005|dropout=0.4|l2=0.0001|batch=128|bn=True
ok,"{""activation"": ""relu"", ""batch_norm"": false, ""batch_size"": 512, ""dropout"": 0.3, ""l2"": 1e-05, ""learning_rate"": 0.0005, ""optimizer"": ""AdamW"", ""units"": [256, 128, 64]}",256-128-64,0.3,1e-05,0.0005,512,False,115,103,116.81106840004212,0.8580917237743806,0.8245327795906259,0.7865025466893039,0.8050687907313541,0.9369952530175456,,Focused Search,AdamW,relu,256-128-64|AdamW|lr=0.0005|dropout=0.3|l2=1e-05|batch=512|bn=False
ok,"{""activation"": ""relu"", ""batch_norm"": false, ""batch_size"": 512, ""dropout"": 0.3, ""l2"": 1e-05, ""learning_rate"": 0.0005, ""optimizer"": ""Adam"", ""units"": [256, 128, 64]}",256-128-64,0.3,1e-05,0.0005,512,False,115,103,112.9980240999721,0.8580917237743806,0.8245327795906259,0.7865025466893039,0.8050687907313541,0.9369952530175456,,Focused Search,Adam,relu,256-128-64|Adam|lr=0.0005|dropout=0.3|l2=1e-05|batch=512|bn=False
ok,"{""activation"": ""relu"", ""batch_norm"": false, ""batch_size"": 512, ""dropout"": 0.3, ""l2"": 1e-05, ""learning_rate"": 0.0005, ""optimizer"": ""Nadam"", ""units"": [256, 128, 64]}",256-128-64,0.3,1e-05,0.0005,512,False,120,108,117.30518060014585,0.8593568792830786,0.8272835465635228,0.7867855121675156,0.8065264684554024,0.936994153441561,,Focused Search,Nadam,relu,256-128-64|Nadam|lr=0.0005|dropout=0.3|l2=1e-05|batch=512|bn=False
ok,"{""batch_norm"": false, ""batch_size"": 512, ""dropout"": 0.2, ""l2"": 1e-05, ""learning_rate"": 0.001, ""units"": [256, 128, 64]}",256-128-64,0.2,1e-05,0.001,512,False,47,39,43.76996669988148,0.8596204533473906,0.8238494339067784,0.7927277872099604,0.8079890403057178,0.9369482981511812,,Broad Search,Adam,relu,256-128-64|Adam|lr=0.001|dropout=0.2|l2=1e-05|batch=512|bn=False
ok,"{""batch_norm"": false, ""batch_size"": 256, ""dropout"": 0.4, ""l2"": 1e-05, ""learning_rate"": 0.001, ""units"": [256, 128, 64, 32]}",256-128-64-32,0.4,1e-05,0.001,256,False,80,76,101.10565869999118,0.8596204533473906,0.8079988812753461,0.8174872665534805,0.812715380828469,0.9369447022405292,,Broad Search,Adam,relu,256-128-64-32|Adam|lr=0.001|dropout=0.4|l2=1e-05|batch=256|bn=False
ok,"{""batch_norm"": true, ""batch_size"": 512, ""dropout"": 0.2, ""l2"": 0.0005, ""learning_rate"": 0.001, ""units"": [256, 128, 64, 32]}",256-128-64-32,0.2,0.0005,0.001,512,True,56,48,71.41701450012624,0.8569847127042699,0.7975133214920072,0.8258347481607244,0.8114269826927087,0.9369242263526022,,Broad Search,Adam,relu,256-128-64-32|Adam|lr=0.001|dropout=0.2|l2=0.0005|batch=512|bn=True
ok,"{""batch_norm"": true, ""batch_size"": 128, ""dropout"": 0.4, ""l2"": 0.0005, ""learning_rate"": 0.00025, ""units"": [256, 128, 64]}",256-128-64,0.4,0.0005,0.00025,128,True,74,66,180.2665303000249,0.8564575645756457,0.8092526690391459,0.8043293718166383,0.8067835095437451,0.9368940979706272,,Broad Search,Adam,relu,256-128-64|Adam|lr=0.00025|dropout=0.4|l2=0.0005|batch=128|bn=True
ok,"{""activation"": ""relu"", ""batch_norm"": false, ""batch_size"": 512, ""dropout"": 0.3, ""l2"": 1e-05, ""learning_rate"": 0.0005, ""optimizer"": ""RMSprop"", ""units"": [512, 256, 128]}",512-256-128,0.3,1e-05,0.0005,512,False,77,65,109.34364809980616,0.8581971534001054,0.8137002006305531,0.8033389926428975,0.8084864018225829,0.9368929092398331,,Focused Search,RMSprop,relu,512-256-128|RMSprop|lr=0.0005|dropout=0.3|l2=1e-05|batch=512|bn=False
ok,"{""batch_norm"": false, ""batch_size"": 256, ""dropout"": 0.2, ""l2"": 0.0001, ""learning_rate"": 0.001, ""units"": [256, 128, 64, 32]}",256-128-64-32,0.2,0.0001,0.001,256,False,48,40,62.87016310007312,0.8559304164470216,0.8042105263157895,0.8106960950764007,0.8074402874656521,0.936878400780492,,Broad Search,Adam,relu,256-128-64-32|Adam|lr=0.001|dropout=0.2|l2=0.0001|batch=256|bn=False
ok,"{""batch_norm"": false, ""batch_size"": 512, ""dropout"": 0.1, ""l2"": 0.0001, ""learning_rate"": 0.001, ""units"": [256, 128, 64]}",256-128-64,0.1,0.0001,0.001,512,False,47,39,39.0562919001095,0.8581971534001054,0.8159642032332564,0.7998019241652519,0.8078022292083452,0.9368709236637978,,Broad Search,Adam,relu,256-128-64|Adam|lr=0.001|dropout=0.1|l2=0.0001|batch=512|bn=False
ok,"{""batch_norm"": true, ""batch_size"": 256, ""dropout"": 0.4, ""l2"": 0.0001, ""learning_rate"": 0.0005, ""units"": [256, 128, 64, 32]}",256-128-64-32,0.4,0.0001,0.0005,256,True,80,72,134.61022810009308,0.8557722720084344,0.7972008781558727,0.822014714204867,0.8094176650877681,0.9368408784929784,,Broad Search,Adam,relu,256-128-64-32|Adam|lr=0.0005|dropout=0.4|l2=0.0001|batch=256|bn=True
ok,"{""batch_norm"": false, ""batch_size"": 256, ""dropout"": 0.3, ""l2"": 0.0, ""learning_rate"": 0.001, ""units"": [256, 128, 64, 32]}",256-128-64-32,0.3,0.0,0.001,256,False,48,40,74.6919592001941,0.8602530311017396,0.8128630117580394,0.8118279569892473,0.8123451546683655,0.936835190416129,,Broad Search,Adam,relu,256-128-64-32|Adam|lr=0.001|dropout=0.3|l2=0.0|batch=256|bn=False
ok,"{""activation"": ""relu"", ""batch_norm"": false, ""batch_size"": 512, ""dropout"": 0.3, ""l2"": 1e-05, ""learning_rate"": 0.0005, ""optimizer"": ""Nadam"", ""units"": [512, 256, 128]}",512-256-128,0.3,1e-05,0.0005,512,False,58,46,88.77423290000297,0.8571428571428571,0.8058674901740596,0.8122524052065648,0.8090473506200676,0.9368350715430496,,Focused Search,Nadam,relu,512-256-128|Nadam|lr=0.0005|dropout=0.3|l2=1e-05|batch=512|bn=False
ok,"{""activation"": ""relu"", ""batch_norm"": false, ""batch_size"": 512, ""dropout"": 0.3, ""l2"": 1e-05, ""learning_rate"": 0.0005, ""optimizer"": ""RMSprop"", ""units"": [256, 128, 64]}",256-128-64,0.3,1e-05,0.0005,512,False,123,111,115.7332473997958,0.858777016341592,0.8260288218689645,0.7866440294284097,0.8058554967751287,0.9368307148446896,,Focused Search,RMSprop,relu,256-128-64|RMSprop|lr=0.0005|dropout=0.3|l2=1e-05|batch=512|bn=False
ok,"{""batch_norm"": false, ""batch_size"": 256, ""dropout"": 0.2, ""l2"": 0.0001, ""learning_rate"": 0.00025, ""units"": [256, 128, 64]}",256-128-64,0.2,0.0001,0.00025,256,False,80,77,116.96771589992568,0.8598313125988403,0.824525246577359,0.7924448217317487,0.808166798932256,0.9368303582254514,,Broad Search,Adam,relu,256-128-64|Adam|lr=0.00025|dropout=0.2|l2=0.0001|batch=256|bn=False
ok,"{""activation"": ""relu"", ""batch_norm"": false, ""batch_size"": 512, ""dropout"": 0.3, ""l2"": 1e-05, ""learning_rate"": 0.001, ""optimizer"": ""Nadam"", ""units"": [512, 256, 128, 64]}",512-256-128-64,0.3,1e-05,0.001,512,False,49,37,82.96738629997708,0.8558777016341592,0.797338090010977,0.8221561969439728,0.8095569796600725,0.9368253358378466,,Focused Search,Nadam,relu,512-256-128-64|Nadam|lr=0.001|dropout=0.3|l2=1e-05|batch=512|bn=False
ok,"{""batch_norm"": true, ""batch_size"": 512, ""dropout"": 0.2, ""l2"": 1e-05, ""learning_rate"": 0.0005, ""units"": [256, 128, 64, 32]}",256-128-64-32,0.2,1e-05,0.0005,512,True,80,80,86.6221046000719,0.8565102793885082,0.8057118739448509,0.8102716468590832,0.8079853273137697,0.9367856084547098,,Broad Search,Adam,relu,256-128-64-32|Adam|lr=0.0005|dropout=0.2|l2=1e-05|batch=512|bn=True
ok,"{""activation"": ""relu"", ""batch_norm"": false, ""batch_size"": 512, ""dropout"": 0.3, ""l2"": 1e-05, ""learning_rate"": 0.001, ""optimizer"": ""RMSprop"", ""units"": [512, 512, 256, 128]}",512-512-256-128,0.3,1e-05,0.001,512,False,51,39,124.21548489993438,0.8546125461254612,0.7957727147954983,0.8203169213355971,0.8078584366727045,0.9367772695081896,,Focused Search,RMSprop,relu,512-512-256-128|RMSprop|lr=0.001|dropout=0.3|l2=1e-05|batch=512|bn=False
ok,"{""activation"": ""relu"", ""batch_norm"": false, ""batch_size"": 512, ""dropout"": 0.3, ""l2"": 1e-05, ""learning_rate"": 0.001, ""optimizer"": ""RMSprop"", ""units"": [512, 256, 128]}",512-256-128,0.3,1e-05,0.001,512,False,66,54,98.9826074000448,0.857880864522931,0.8100709219858157,0.80800792303339,0.8090381073806489,0.93675646077564,,Focused Search,RMSprop,relu,512-256-128|RMSprop|lr=0.001|dropout=0.3|l2=1e-05|batch=512|bn=False
ok,"{""activation"": ""relu"", ""batch_norm"": false, ""batch_size"": 512, ""dropout"": 0.3, ""l2"": 1e-05, ""learning_rate"": 0.001, ""optimizer"": ""RMSprop"", ""units"": [512, 256, 128, 64]}",512-256-128-64,0.3,1e-05,0.001,512,False,63,51,95.50962999998592,0.8580917237743806,0.8017098731384446,0.8225806451612904,0.8120111731843576,0.9367522288940132,,Focused Search,RMSprop,relu,512-256-128-64|RMSprop|lr=0.001|dropout=0.3|l2=1e-05|batch=512|bn=False
ok,"{""batch_norm"": false, ""batch_size"": 128, ""dropout"": 0.2, ""l2"": 0.0, ""learning_rate"": 0.001, ""units"": [128, 64, 32]}",128-64-32,0.2,0.0,0.001,128,False,73,65,118.53099850006402,0.8585134422772799,0.8139501575479805,0.8040464063384267,0.8089679715302491,0.9367184035592692,,Broad Search,Adam,relu,128-64-32|Adam|lr=0.001|dropout=0.2|l2=0.0|batch=128|bn=False
ok,"{""batch_norm"": true, ""batch_size"": 256, ""dropout"": 0.4, ""l2"": 0.0, ""learning_rate"": 0.001, ""units"": [256, 128, 64]}",256-128-64,0.4,0.0,0.001,256,True,80,79,132.30382209992968,0.8582498682129679,0.8066956156324415,0.8147990945104697,0.8107271063560216,0.9367141062974488,,Broad Search,Adam,relu,256-128-64|Adam|lr=0.001|dropout=0.4|l2=0.0|batch=256|bn=True
ok,"{""batch_norm"": false, ""batch_size"": 256, ""dropout"": 0.2, ""l2"": 0.0, ""learning_rate"": 0.00025, ""units"": [256, 128, 64]}",256-128-64,0.2,0.0,0.00025,256,False,80,79,93.72407589992508,0.8596731681602531,0.8249262536873156,0.791312959818902,0.8077700751010977,0.9367130304960802,,Broad Search,Adam,relu,256-128-64|Adam|lr=0.00025|dropout=0.2|l2=0.0|batch=256|bn=False
ok,"{""activation"": ""relu"", ""batch_norm"": false, ""batch_size"": 512, ""dropout"": 0.3, ""l2"": 1e-05, ""learning_rate"": 0.01, ""optimizer"": ""SGD"", ""units"": [512, 512, 256, 128]}",512-512-256-128,0.3,1e-05,0.01,512,False,150,140,348.0962304000277,0.860305745914602,0.8138675760159136,0.810413129598189,0.8121366794271941,0.9367019039758482,,Focused Search,SGD,relu,512-512-256-128|SGD|lr=0.01|dropout=0.3|l2=1e-05|batch=512|bn=False
ok,"{""activation"": ""relu"", ""batch_norm"": false, ""batch_size"": 512, ""dropout"": 0.3, ""l2"": 1e-05, ""learning_rate"": 0.0005, ""optimizer"": ""AdamW"", ""units"": [512, 256, 128]}",512-256-128,0.3,1e-05,0.0005,512,False,48,36,71.75774170015939,0.8583025830258303,0.810374149659864,0.8089983022071308,0.8096856414613424,0.9366821591573592,,Focused Search,AdamW,relu,512-256-128|AdamW|lr=0.0005|dropout=0.3|l2=1e-05|batch=512|bn=False
ok,"{""activation"": ""relu"", ""batch_norm"": false, ""batch_size"": 512, ""dropout"": 0.3, ""l2"": 1e-05, ""learning_rate"": 0.0005, ""optimizer"": ""Adam"", ""units"": [512, 256, 128]}",512-256-128,0.3,1e-05,0.0005,512,False,48,36,70.64726130012423,0.8583025830258303,0.810374149659864,0.8089983022071308,0.8096856414613424,0.9366821591573592,,Focused Search,Adam,relu,512-256-128|Adam|lr=0.0005|dropout=0.3|l2=1e-05|batch=512|bn=False
ok,"{""batch_norm"": false, ""batch_size"": 128, ""dropout"": 0.3, ""l2"": 1e-05, ""learning_rate"": 0.0005, ""units"": [256, 128, 64]}",256-128-64,0.3,1e-05,0.0005,128,False,80,78,168.85472659999505,0.8588297311544544,0.8206251825883728,0.7948500282965478,0.8075319821762253,0.936668459034958,,Broad Search,Adam,relu,256-128-64|Adam|lr=0.0005|dropout=0.3|l2=1e-05|batch=128|bn=False
ok,"{""batch_norm"": false, ""batch_size"": 128, ""dropout"": 0.4, ""l2"": 0.0, ""learning_rate"": 0.0005, ""units"": [256, 128, 64, 32]}",256-128-64-32,0.4,0.0,0.0005,128,False,71,63,174.91251459997147,0.8597258829731155,0.8046453753629199,0.8234295415959253,0.8139290958674219,0.9366677814584052,,Broad Search,Adam,relu,256-128-64-32|Adam|lr=0.0005|dropout=0.4|l2=0.0|batch=128|bn=False
ok,"{""batch_norm"": true, ""batch_size"": 256, ""dropout"": 0.2, ""l2"": 0.0005, ""learning_rate"": 0.0005, ""units"": [256, 128, 64]}",256-128-64,0.2,0.0005,0.0005,256,True,52,44,83.5532261999324,0.8573010015814444,0.8050930460333007,0.8140916808149405,0.8095673584241998,0.9366590383434152,,Broad Search,Adam,relu,256-128-64|Adam|lr=0.0005|dropout=0.2|l2=0.0005|batch=256|bn=True
ok,"{""batch_norm"": false, ""batch_size"": 512, ""dropout"": 0.2, ""l2"": 0.0001, ""learning_rate"": 0.001, ""units"": [256, 128, 64]}",256-128-64,0.2,0.0001,0.001,512,False,58,50,46.16255420004018,0.857880864522931,0.8166280417149478,0.7976796830786644,0.8070426567420556,0.9366566311635572,,Broad Search,Adam,relu,256-128-64|Adam|lr=0.001|dropout=0.2|l2=0.0001|batch=512|bn=False
ok,"{""batch_norm"": true, ""batch_size"": 512, ""dropout"": 0.3, ""l2"": 0.0001, ""learning_rate"": 0.001, ""units"": [128, 64, 32]}",128-64-32,0.3,0.0001,0.001,512,True,80,79,70.70570930000395,0.8580917237743806,0.8101786220584066,0.8085738539898133,0.8093754425718737,0.9366475552039448,,Broad Search,Adam,relu,128-64-32|Adam|lr=0.001|dropout=0.3|l2=0.0001|batch=512|bn=True
ok,"{""activation"": ""relu"", ""batch_norm"": false, ""batch_size"": 512, ""dropout"": 0.3, ""l2"": 1e-05, ""learning_rate"": 0.001, ""optimizer"": ""Adam"", ""units"": [384, 192, 96]}",384-192-96,0.3,1e-05,0.001,512,False,45,33,54.18377610016614,0.8581971534001054,0.8092681548460017,0.810413129598189,0.8098402375229747,0.93654412968121,,Focused Search,Adam,relu,384-192-96|Adam|lr=0.001|dropout=0.3|l2=1e-05|batch=512|bn=False
ok,"{""activation"": ""relu"", ""batch_norm"": false, ""batch_size"": 512, ""dropout"": 0.3, ""l2"": 1e-05, ""learning_rate"": 0.001, ""optimizer"": ""AdamW"", ""units"": [384, 192, 96]}",384-192-96,0.3,1e-05,0.001,512,False,45,33,55.5565158999525,0.8581971534001054,0.8092681548460017,0.810413129598189,0.8098402375229747,0.93654412968121,,Focused Search,AdamW,relu,384-192-96|AdamW|lr=0.001|dropout=0.3|l2=1e-05|batch=512|bn=False
ok,"{""activation"": ""relu"", ""batch_norm"": false, ""batch_size"": 512, ""dropout"": 0.3, ""l2"": 1e-05, ""learning_rate"": 0.0005, ""optimizer"": ""AdamW"", ""units"": [384, 192, 96]}",384-192-96,0.3,1e-05,0.0005,512,False,91,79,108.21536260005088,0.8606747496046389,0.8280207561156412,0.7901810979060555,0.8086585100991819,0.9365436125833144,,Focused Search,AdamW,relu,384-192-96|AdamW|lr=0.0005|dropout=0.3|l2=1e-05|batch=512|bn=False
ok,"{""activation"": ""relu"", ""batch_norm"": false, ""batch_size"": 512, ""dropout"": 0.3, ""l2"": 1e-05, ""learning_rate"": 0.0005, ""optimizer"": ""Adam"", ""units"": [384, 192, 96]}",384-192-96,0.3,1e-05,0.0005,512,False,91,79,107.32989099994302,0.8606747496046389,0.8280207561156412,0.7901810979060555,0.8086585100991819,0.9365436125833144,,Focused Search,Adam,relu,384-192-96|Adam|lr=0.0005|dropout=0.3|l2=1e-05|batch=512|bn=False
ok,"{""activation"": ""relu"", ""batch_norm"": false, ""batch_size"": 512, ""dropout"": 0.3, ""l2"": 1e-05, ""learning_rate"": 0.001, ""optimizer"": ""Nadam"", ""units"": [512, 512, 256, 128]}",512-512-256-128,0.3,1e-05,0.001,512,False,40,28,102.2221180999186,0.8562467053241961,0.8009150145570497,0.8173457838143746,0.8090469855052167,0.9365300610522628,,Focused Search,Nadam,relu,512-512-256-128|Nadam|lr=0.001|dropout=0.3|l2=1e-05|batch=512|bn=False
ok,"{""batch_norm"": true, ""batch_size"": 256, ""dropout"": 0.3, ""l2"": 0.0001, ""learning_rate"": 0.00025, ""units"": [256, 128, 64, 32]}",256-128-64-32,0.3,0.0001,0.00025,256,True,80,76,147.71099200006574,0.8558249868212968,0.7995299322549426,0.8181946802490097,0.8087546325431788,0.9365228632873048,,Broad Search,Adam,relu,256-128-64-32|Adam|lr=0.00025|dropout=0.3|l2=0.0001|batch=256|bn=True
ok,"{""batch_norm"": true, ""batch_size"": 256, ""dropout"": 0.3, ""l2"": 0.0001, ""learning_rate"": 0.0005, ""units"": [256, 128, 64, 32]}",256-128-64-32,0.3,0.0001,0.0005,256,True,80,78,137.70623739995062,0.8551396942540854,0.7910266774454325,0.8306451612903226,0.810351966873706,0.9365207532901452,,Broad Search,Adam,relu,256-128-64-32|Adam|lr=0.0005|dropout=0.3|l2=0.0001|batch=256|bn=True
ok,"{""activation"": ""relu"", ""batch_norm"": false, ""batch_size"": 512, ""dropout"": 0.3, ""l2"": 1e-05, ""learning_rate"": 0.0005, ""optimizer"": ""Adam"", ""units"": [512, 256, 128, 64]}",512-256-128-64,0.3,1e-05,0.0005,512,False,62,50,98.46308120014146,0.8564048497627833,0.7989265070189926,0.8213073005093379,0.8099623273336124,0.936516842365833,,Focused Search,Adam,relu,512-256-128-64|Adam|lr=0.0005|dropout=0.3|l2=1e-05|batch=512|bn=False
ok,"{""activation"": ""relu"", ""batch_norm"": false, ""batch_size"": 512, ""dropout"": 0.3, ""l2"": 1e-05, ""learning_rate"": 0.0005, ""optimizer"": ""AdamW"", ""units"": [512, 256, 128, 64]}",512-256-128-64,0.3,1e-05,0.0005,512,False,62,50,98.95295620011166,0.8564048497627833,0.7989265070189926,0.8213073005093379,0.8099623273336124,0.936516842365833,,Focused Search,AdamW,relu,512-256-128-64|AdamW|lr=0.0005|dropout=0.3|l2=1e-05|batch=512|bn=False
ok,"{""batch_norm"": false, ""batch_size"": 128, ""dropout"": 0.1, ""l2"": 0.0001, ""learning_rate"": 0.001, ""units"": [256, 128, 64]}",256-128-64,0.1,0.0001,0.001,128,False,42,34,80.8017829998862,0.857511860832894,0.8172699520279111,0.7954159592529711,0.8061948806194881,0.9365132880607588,,Broad Search,Adam,relu,256-128-64|Adam|lr=0.001|dropout=0.1|l2=0.0001|batch=128|bn=False
ok,"{""batch_norm"": true, ""batch_size"": 256, ""dropout"": 0.2, ""l2"": 1e-05, ""learning_rate"": 0.001, ""units"": [256, 128, 64, 32]}",256-128-64-32,0.2,1e-05,0.001,256,True,63,55,131.92036550003104,0.8555614127569847,0.7985651214128036,0.8189020939445387,0.8086057557977089,0.9365090977847098,,Broad Search,Adam,relu,256-128-64-32|Adam|lr=0.001|dropout=0.2|l2=1e-05|batch=256|bn=True
ok,"{""batch_norm"": false, ""batch_size"": 128, ""dropout"": 0.1, ""l2"": 0.0005, ""learning_rate"": 0.0005, ""units"": [256, 128, 64]}",256-128-64,0.1,0.0005,0.0005,128,False,77,69,152.85898719984107,0.8595150237216658,0.8260998370611761,0.7890492359932089,0.8071495766698025,0.936477626136938,,Broad Search,Adam,relu,256-128-64|Adam|lr=0.0005|dropout=0.1|l2=0.0005|batch=128|bn=False
ok,"{""batch_norm"": false, ""batch_size"": 128, ""dropout"": 0.2, ""l2"": 0.0, ""learning_rate"": 0.001, ""units"": [128, 64]}",128-64,0.2,0.0,0.001,128,False,80,75,113.55918279988693,0.8595150237216658,0.8327036421338976,0.7795698924731183,0.8052612349287541,0.9364248227150668,,Broad Search,Adam,relu,128-64|Adam|lr=0.001|dropout=0.2|l2=0.0|batch=128|bn=False
ok,"{""activation"": ""relu"", ""batch_norm"": false, ""batch_size"": 512, ""dropout"": 0.3, ""l2"": 1e-05, ""learning_rate"": 0.0005, ""optimizer"": ""Nadam"", ""units"": [512, 256, 128, 64]}",512-256-128-64,0.3,1e-05,0.0005,512,False,51,39,83.342602299992,0.8560358460727464,0.7988973121984838,0.8200339558573854,0.8093276548209174,0.9364063855004514,,Focused Search,Nadam,relu,512-256-128-64|Nadam|lr=0.0005|dropout=0.3|l2=1e-05|batch=512|bn=False
ok,"{""activation"": ""relu"", ""batch_norm"": false, ""batch_size"": 512, ""dropout"": 0.3, ""l2"": 1e-05, ""learning_rate"": 0.001, ""optimizer"": ""AdamW"", ""units"": [512, 256, 128, 64]}",512-256-128-64,0.3,1e-05,0.001,512,False,43,31,73.70236049988307,0.8558249868212968,0.8018670753796852,0.8142331635540464,0.808002808002808,0.9363920434634212,,Focused Search,AdamW,relu,512-256-128-64|AdamW|lr=0.001|dropout=0.3|l2=1e-05|batch=512|bn=False
ok,"{""activation"": ""relu"", ""batch_norm"": false, ""batch_size"": 512, ""dropout"": 0.3, ""l2"": 1e-05, ""learning_rate"": 0.001, ""optimizer"": ""Adam"", ""units"": [512, 256, 128, 64]}",512-256-128-64,0.3,1e-05,0.001,512,False,43,31,71.56465790001675,0.8558249868212968,0.8018670753796852,0.8142331635540464,0.808002808002808,0.9363920434634212,,Focused Search,Adam,relu,512-256-128-64|Adam|lr=0.001|dropout=0.3|l2=1e-05|batch=512|bn=False
ok,"{""batch_norm"": false, ""batch_size"": 512, ""dropout"": 0.3, ""l2"": 0.0005, ""learning_rate"": 0.0005, ""units"": [256, 128, 64, 32]}",256-128-64-32,0.3,0.0005,0.0005,512,False,80,77,67.92496969993226,0.8586715867158672,0.8150222605198909,0.8029145444255801,0.8089230988525408,0.936381136858386,,Broad Search,Adam,relu,256-128-64-32|Adam|lr=0.0005|dropout=0.3|l2=0.0005|batch=512|bn=False
ok,"{""activation"": ""relu"", ""batch_norm"": false, ""batch_size"": 512, ""dropout"": 0.3, ""l2"": 1e-05, ""learning_rate"": 0.0005, ""optimizer"": ""Nadam"", ""units"": [512, 512, 256, 128]}",512-512-256-128,0.3,1e-05,0.0005,512,False,51,39,129.98281309986487,0.8546652609383236,0.7971873707431407,0.8180531975099038,0.8074855107883527,0.9363720430678116,,Focused Search,Nadam,relu,512-512-256-128|Nadam|lr=0.0005|dropout=0.3|l2=1e-05|batch=512|bn=False
ok,"{""batch_norm"": false, ""batch_size"": 128, ""dropout"": 0.1, ""l2"": 0.0005, ""learning_rate"": 0.0005, ""units"": [256, 128, 64, 32]}",256-128-64-32,0.1,0.0005,0.0005,128,False,64,56,137.4406256000511,0.8562467053241961,0.8096732772150093,0.8029145444255801,0.8062797471052071,0.9363718707018466,,Broad Search,Adam,relu,256-128-64-32|Adam|lr=0.0005|dropout=0.1|l2=0.0005|batch=128|bn=False
ok,"{""batch_norm"": true, ""batch_size"": 128, ""dropout"": 0.3, ""l2"": 1e-05, ""learning_rate"": 0.00025, ""units"": [256, 128, 64, 32]}",256-128-64-32,0.3,1e-05,0.00025,128,True,75,67,196.79016870004125,0.8574064312071692,0.8054038919221616,0.8139501980758348,0.8096544929983815,0.9363519000245067,,Broad Search,Adam,relu,256-128-64-32|Adam|lr=0.00025|dropout=0.3|l2=1e-05|batch=128|bn=True
ok,"{""batch_norm"": true, ""batch_size"": 512, ""dropout"": 0.3, ""l2"": 1e-05, ""learning_rate"": 0.00025, ""units"": [256, 128, 64]}",256-128-64,0.3,1e-05,0.00025,512,True,80,80,83.297145599965,0.8575645756457565,0.8224519940915805,0.7877758913412564,0.8047405694464518,0.9363443456403108,,Broad Search,Adam,relu,256-128-64|Adam|lr=0.00025|dropout=0.3|l2=1e-05|batch=512|bn=True
ok,"{""batch_norm"": true, ""batch_size"": 512, ""dropout"": 0.3, ""l2"": 0.0, ""learning_rate"": 0.0005, ""units"": [256, 128, 64, 32]}",256-128-64-32,0.3,0.0,0.0005,512,True,80,73,87.94680289993994,0.8559304164470216,0.8017541417235139,0.8147990945104697,0.8082239842818048,0.936318978125166,,Broad Search,Adam,relu,256-128-64-32|Adam|lr=0.0005|dropout=0.3|l2=0.0|batch=512|bn=True
ok,"{""batch_norm"": false, ""batch_size"": 128, ""dropout"": 0.4, ""l2"": 0.0, ""learning_rate"": 0.001, ""units"": [128, 64, 32]}",128-64-32,0.4,0.0,0.001,128,False,73,65,114.27059949981049,0.8593041644702162,0.8194625998547567,0.7982456140350878,0.8087149716906759,0.9362768197875556,,Broad Search,Adam,relu,128-64-32|Adam|lr=0.001|dropout=0.4|l2=0.0|batch=128|bn=False
ok,"{""batch_norm"": false, ""batch_size"": 128, ""dropout"": 0.2, ""l2"": 0.0005, ""learning_rate"": 0.00025, ""units"": [256, 128, 64]}",256-128-64,0.2,0.0005,0.00025,128,False,80,80,152.5670390999876,0.859409594095941,0.8287763334827432,0.784804753820034,0.8061914105079573,0.9362708523589698,,Broad Search,Adam,relu,256-128-64|Adam|lr=0.00025|dropout=0.2|l2=0.0005|batch=128|bn=False
ok,"{""batch_norm"": false, ""batch_size"": 128, ""dropout"": 0.3, ""l2"": 1e-05, ""learning_rate"": 0.001, ""units"": [256, 128, 64]}",256-128-64,0.3,1e-05,0.001,128,False,51,43,101.9647466999013,0.8580917237743806,0.8140068886337543,0.8024900962082626,0.8082074665146766,0.9362457939138316,,Broad Search,Adam,relu,256-128-64|Adam|lr=0.001|dropout=0.3|l2=1e-05|batch=128|bn=False
ok,"{""batch_norm"": true, ""batch_size"": 512, ""dropout"": 0.2, ""l2"": 0.0001, ""learning_rate"": 0.001, ""units"": [128, 64]}",128-64,0.2,0.0001,0.001,512,True,68,60,54.326015499886125,0.8609910384818134,0.8280764104842292,0.7911714770797963,0.8092033861515086,0.936218417443645,,Broad Search,Adam,relu,128-64|Adam|lr=0.001|dropout=0.2|l2=0.0001|batch=512|bn=True
ok,"{""batch_norm"": false, ""batch_size"": 256, ""dropout"": 0.3, ""l2"": 1e-05, ""learning_rate"": 0.0005, ""units"": [256, 128, 64, 32]}",256-128-64-32,0.3,1e-05,0.0005,256,False,69,61,88.56770669994876,0.8562467053241961,0.8120776419841841,0.7990945104697227,0.8055337659559295,0.936214993898958,,Broad Search,Adam,relu,256-128-64-32|Adam|lr=0.0005|dropout=0.3|l2=1e-05|batch=256|bn=False
ok,"{""batch_norm"": true, ""batch_size"": 512, ""dropout"": 0.2, ""l2"": 1e-05, ""learning_rate"": 0.0005, ""units"": [256, 128, 64]}",256-128-64,0.2,1e-05,0.0005,512,True,52,44,55.0932261000853,0.8580917237743806,0.8236686390532545,0.7877758913412564,0.8053225339890078,0.9362109700452204,,Broad Search,Adam,relu,256-128-64|Adam|lr=0.0005|dropout=0.2|l2=1e-05|batch=512|bn=True
ok,"{""batch_norm"": false, ""batch_size"": 256, ""dropout"": 0.3, ""l2"": 0.0001, ""learning_rate"": 0.00025, ""units"": [256, 128, 64, 32]}",256-128-64-32,0.3,0.0001,0.00025,256,False,80,78,99.7709833001718,0.8558249868212968,0.8121308168851751,0.7975382003395586,0.8047683631950888,0.9362041883360402,,Broad Search,Adam,relu,256-128-64-32|Adam|lr=0.00025|dropout=0.3|l2=0.0001|batch=256|bn=False
ok,"{""batch_norm"": false, ""batch_size"": 128, ""dropout"": 0.2, ""l2"": 0.0001, ""learning_rate"": 0.001, ""units"": [128, 64]}",128-64,0.2,0.0001,0.001,128,False,80,80,109.85893439990468,0.8596204533473906,0.8315520096342014,0.7815506508205999,0.8057763839253155,0.936190720016144,,Broad Search,Adam,relu,128-64|Adam|lr=0.001|dropout=0.2|l2=0.0001|batch=128|bn=False
ok,"{""activation"": ""relu"", ""batch_norm"": false, ""batch_size"": 512, ""dropout"": 0.3, ""l2"": 1e-05, ""learning_rate"": 0.0005, ""optimizer"": ""RMSprop"", ""units"": [512, 256, 128, 64]}",512-256-128-64,0.3,1e-05,0.0005,512,False,113,101,172.84814659995027,0.855350553505535,0.798289183222958,0.8186191284663271,0.808326348141939,0.9361642410377068,,Focused Search,RMSprop,relu,512-256-128-64|RMSprop|lr=0.0005|dropout=0.3|l2=1e-05|batch=512|bn=False
ok,"{""batch_norm"": true, ""batch_size"": 512, ""dropout"": 0.3, ""l2"": 0.0001, ""learning_rate"": 0.00025, ""units"": [256, 128, 64, 32]}",256-128-64-32,0.3,0.0001,0.00025,512,True,80,79,88.2336550001055,0.8569847127042699,0.8140775998846098,0.7985285795132994,0.8062281265623884,0.9361625292653636,,Broad Search,Adam,relu,256-128-64-32|Adam|lr=0.00025|dropout=0.3|l2=0.0001|batch=512|bn=True
ok,"{""batch_norm"": false, ""batch_size"": 512, ""dropout"": 0.2, ""l2"": 0.0005, ""learning_rate"": 0.001, ""units"": [256, 128, 64, 32]}",256-128-64-32,0.2,0.0005,0.001,512,False,70,62,59.3365451998543,0.8605693199789141,0.8236499341431289,0.7962648556876061,0.8097259189986332,0.9361423683910964,,Broad Search,Adam,relu,256-128-64-32|Adam|lr=0.001|dropout=0.2|l2=0.0005|batch=512|bn=False
ok,"{""batch_norm"": false, ""batch_size"": 128, ""dropout"": 0.1, ""l2"": 1e-05, ""learning_rate"": 0.0005, ""units"": [256, 128, 64, 32]}",256-128-64-32,0.1,1e-05,0.0005,128,False,43,35,86.80812569987029,0.8589351607801793,0.8140732265446224,0.8053197509903792,0.8096728307254623,0.9361133098668366,,Broad Search,Adam,relu,256-128-64-32|Adam|lr=0.0005|dropout=0.1|l2=1e-05|batch=128|bn=False
ok,"{""batch_norm"": false, ""batch_size"": 512, ""dropout"": 0.4, ""l2"": 0.0, ""learning_rate"": 0.0005, ""units"": [256, 128, 64, 32]}",256-128-64-32,0.4,0.0,0.0005,512,False,80,80,69.68390819989145,0.857248286768582,0.8019390581717452,0.8191850594227504,0.8104703247480403,0.93610662325612,,Broad Search,Adam,relu,256-128-64-32|Adam|lr=0.0005|dropout=0.4|l2=0.0|batch=512|bn=False
ok,"{""batch_norm"": true, ""batch_size"": 512, ""dropout"": 0.3, ""l2"": 0.0, ""learning_rate"": 0.00025, ""units"": [256, 128, 64]}",256-128-64,0.3,0.0,0.00025,512,True,80,80,87.00735160009935,0.8561412756984713,0.8196552232208634,0.7870684776457272,0.8030313966077228,0.9360995562515496,,Broad Search,Adam,relu,256-128-64|Adam|lr=0.00025|dropout=0.3|l2=0.0|batch=512|bn=True
ok,"{""activation"": ""relu"", ""batch_norm"": false, ""batch_size"": 512, ""dropout"": 0.3, ""l2"": 1e-05, ""learning_rate"": 0.01, ""optimizer"": ""SGD"", ""units"": [384, 192, 96]}",384-192-96,0.3,1e-05,0.01,512,False,150,148,166.6677256999537,0.8575645756457565,0.8213129231675007,0.7894736842105263,0.8050786322320012,0.9360674902383804,,Focused Search,SGD,relu,384-192-96|SGD|lr=0.01|dropout=0.3|l2=1e-05|batch=512|bn=False
ok,"{""activation"": ""relu"", ""batch_norm"": false, ""batch_size"": 512, ""dropout"": 0.3, ""l2"": 1e-05, ""learning_rate"": 0.01, ""optimizer"": ""SGD"", ""units"": [512, 256, 128, 64]}",512-256-128-64,0.3,1e-05,0.01,512,False,150,138,223.77419389993884,0.8548234053769109,0.8001669913721124,0.8135257498585172,0.8067910761891399,0.9360584558843458,,Focused Search,SGD,relu,512-256-128-64|SGD|lr=0.01|dropout=0.3|l2=1e-05|batch=512|bn=False
ok,"{""batch_norm"": false, ""batch_size"": 128, ""dropout"": 0.2, ""l2"": 1e-05, ""learning_rate"": 0.00025, ""units"": [256, 128, 64]}",256-128-64,0.2,1e-05,0.00025,128,False,62,54,125.07001230004244,0.8557195571955719,0.8190658612052453,0.7865025466893039,0.8024539877300614,0.9360551749873542,,Broad Search,Adam,relu,256-128-64|Adam|lr=0.00025|dropout=0.2|l2=1e-05|batch=128|bn=False
ok,"{""batch_norm"": false, ""batch_size"": 128, ""dropout"": 0.2, ""l2"": 0.0, ""learning_rate"": 0.001, ""units"": [256, 128, 64, 32]}",256-128-64-32,0.2,0.0,0.001,128,False,41,33,80.35148009983823,0.8548234053769109,0.8074401368301026,0.8014997170345218,0.8044589605225788,0.9360478345747012,,Broad Search,Adam,relu,256-128-64-32|Adam|lr=0.001|dropout=0.2|l2=0.0|batch=128|bn=False
ok,"{""activation"": ""relu"", ""batch_norm"": false, ""batch_size"": 512, ""dropout"": 0.3, ""l2"": 1e-05, ""learning_rate"": 0.0005, ""optimizer"": ""RMSprop"", ""units"": [512, 512, 256, 128]}",512-512-256-128,0.3,1e-05,0.0005,512,False,66,54,158.6474880001042,0.8535582498682129,0.7915986949429038,0.8238539898132428,0.8074043261231281,0.9360324226799566,,Focused Search,RMSprop,relu,512-512-256-128|RMSprop|lr=0.0005|dropout=0.3|l2=1e-05|batch=512|bn=False
ok,"{""batch_norm"": true, ""batch_size"": 128, ""dropout"": 0.2, ""l2"": 0.0001, ""learning_rate"": 0.00025, ""units"": [256, 128, 64]}",256-128-64,0.2,0.0001,0.00025,128,True,71,63,194.94831440015696,0.858144438587243,0.8288504883546206,0.7804187889077533,0.8039058514901989,0.9360249039576842,,Broad Search,Adam,relu,256-128-64|Adam|lr=0.00025|dropout=0.2|l2=0.0001|batch=128|bn=True
ok,"{""batch_norm"": false, ""batch_size"": 256, ""dropout"": 0.1, ""l2"": 0.0001, ""learning_rate"": 0.0005, ""units"": [256, 128, 64]}",256-128-64,0.1,0.0001,0.0005,256,False,67,59,81.94355889991857,0.8569319978914075,0.8204297909920518,0.7886247877758913,0.8042129562833646,0.935983316210855,,Broad Search,Adam,relu,256-128-64|Adam|lr=0.0005|dropout=0.1|l2=0.0001|batch=256|bn=False
ok,"{""activation"": ""relu"", ""batch_norm"": false, ""batch_size"": 512, ""dropout"": 0.3, ""l2"": 1e-05, ""learning_rate"": 0.001, ""optimizer"": ""AdamW"", ""units"": [512, 512, 256, 128]}",512-512-256-128,0.3,1e-05,0.001,512,False,44,32,111.66788940015248,0.8551924090669478,0.7982056590752243,0.8181946802490097,0.8080765737441487,0.9359400285789902,,Focused Search,AdamW,relu,512-512-256-128|AdamW|lr=0.001|dropout=0.3|l2=1e-05|batch=512|bn=False
ok,"{""activation"": ""relu"", ""batch_norm"": false, ""batch_size"": 512, ""dropout"": 0.3, ""l2"": 1e-05, ""learning_rate"": 0.001, ""optimizer"": ""Adam"", ""units"": [512, 512, 256, 128]}",512-512-256-128,0.3,1e-05,0.001,512,False,44,32,108.87123099993914,0.8551924090669478,0.7982056590752243,0.8181946802490097,0.8080765737441487,0.9359400285789902,,Focused Search,Adam,relu,512-512-256-128|Adam|lr=0.001|dropout=0.3|l2=1e-05|batch=512|bn=False
ok,"{""batch_norm"": false, ""batch_size"": 256, ""dropout"": 0.2, ""l2"": 0.0, ""learning_rate"": 0.0005, ""units"": [128, 64, 32]}",128-64-32,0.2,0.0,0.0005,256,False,80,78,84.5663512002211,0.8589351607801793,0.8307228915662651,0.7804187889077533,0.8047855266997374,0.9359005270547046,,Broad Search,Adam,relu,128-64-32|Adam|lr=0.0005|dropout=0.2|l2=0.0|batch=256|bn=False
ok,"{""batch_norm"": true, ""batch_size"": 256, ""dropout"": 0.1, ""l2"": 1e-05, ""learning_rate"": 0.0005, ""units"": [256, 128, 64, 32]}",256-128-64-32,0.1,1e-05,0.0005,256,True,42,34,73.24094140017405,0.8562994201370585,0.8103201829616924,0.8020656479909452,0.8061717861205916,0.9358808654473711,,Broad Search,Adam,relu,256-128-64-32|Adam|lr=0.0005|dropout=0.1|l2=1e-05|batch=256|bn=True
ok,"{""batch_norm"": true, ""batch_size"": 512, ""dropout"": 0.3, ""l2"": 1e-05, ""learning_rate"": 0.001, ""units"": [128, 64]}",128-64,0.3,1e-05,0.001,512,True,80,77,61.07658119988628,0.8565102793885082,0.8325681052953781,0.7696661007357103,0.7998823702396707,0.9358722828110382,,Broad Search,Adam,relu,128-64|Adam|lr=0.001|dropout=0.3|l2=1e-05|batch=512|bn=True
ok,"{""batch_norm"": false, ""batch_size"": 128, ""dropout"": 0.3, ""l2"": 0.0001, ""learning_rate"": 0.001, ""units"": [128, 64, 32]}",128-64-32,0.3,0.0001,0.001,128,False,73,65,111.66309669986369,0.8595150237216658,0.8244657332350773,0.7914544425580079,0.807622897567314,0.9358299461638088,,Broad Search,Adam,relu,128-64-32|Adam|lr=0.001|dropout=0.3|l2=0.0001|batch=128|bn=False
ok,"{""batch_norm"": true, ""batch_size"": 256, ""dropout"": 0.2, ""l2"": 0.0001, ""learning_rate"": 0.0005, ""units"": [128, 64]}",128-64,0.2,0.0001,0.0005,256,True,75,67,84.75232279999182,0.8579862941486558,0.8187117458466919,0.7948500282965478,0.8066044508255563,0.9358269386749,,Broad Search,Adam,relu,128-64|Adam|lr=0.0005|dropout=0.2|l2=0.0001|batch=256|bn=True
ok,"{""batch_norm"": false, ""batch_size"": 256, ""dropout"": 0.2, ""l2"": 1e-05, ""learning_rate"": 0.001, ""units"": [128, 64]}",128-64,0.2,1e-05,0.001,256,False,79,71,70.01519000018016,0.857511860832894,0.8330535632534717,0.772354272778721,0.8015564202334631,0.9358248108467784,,Broad Search,Adam,relu,128-64|Adam|lr=0.001|dropout=0.2|l2=1e-05|batch=256|bn=False
ok,"{""batch_norm"": false, ""batch_size"": 128, ""dropout"": 0.2, ""l2"": 0.0005, ""learning_rate"": 0.0005, ""units"": [256, 128, 64]}",256-128-64,0.2,0.0005,0.0005,128,False,80,80,151.4512606000062,0.8574064312071692,0.8247729641208873,0.7838143746462931,0.803772216177004,0.9358120201034348,,Broad Search,Adam,relu,256-128-64|Adam|lr=0.0005|dropout=0.2|l2=0.0005|batch=128|bn=False
ok,"{""batch_norm"": false, ""batch_size"": 512, ""dropout"": 0.1, ""l2"": 0.0, ""learning_rate"": 0.001, ""units"": [128, 64, 32]}",128-64-32,0.1,0.0,0.001,512,False,68,60,48.876899499911815,0.8569319978914075,0.8193955399061033,0.7901810979060555,0.8045231921636417,0.935810962133028,,Broad Search,Adam,relu,128-64-32|Adam|lr=0.001|dropout=0.1|l2=0.0|batch=512|bn=False
ok,"{""batch_norm"": false, ""batch_size"": 512, ""dropout"": 0.2, ""l2"": 0.0005, ""learning_rate"": 0.0005, ""units"": [256, 128, 64, 32]}",256-128-64-32,0.2,0.0005,0.0005,512,False,80,77,65.65759009984322,0.8589878755930417,0.8236334168262855,0.7908885116015846,0.8069289065319379,0.9358076812360366,,Broad Search,Adam,relu,256-128-64-32|Adam|lr=0.0005|dropout=0.2|l2=0.0005|batch=512|bn=False
ok,"{""batch_norm"": true, ""batch_size"": 512, ""dropout"": 0.4, ""l2"": 0.0005, ""learning_rate"": 0.001, ""units"": [128, 64]}",128-64,0.4,0.0005,0.001,512,True,80,79,60.42584330006503,0.8597258829731155,0.8305084745762712,0.7833899264289756,0.8062613760465963,0.9357969291660044,,Broad Search,Adam,relu,128-64|Adam|lr=0.001|dropout=0.4|l2=0.0005|batch=512|bn=True
ok,"{""batch_norm"": true, ""batch_size"": 512, ""dropout"": 0.3, ""l2"": 1e-05, ""learning_rate"": 0.001, ""units"": [128, 64, 32]}",128-64-32,0.3,1e-05,0.001,512,True,80,77,73.2703279000707,0.8555086979441223,0.8099126199684858,0.7999434069043577,0.8048971457043206,0.9357864445604012,,Broad Search,Adam,relu,128-64-32|Adam|lr=0.001|dropout=0.3|l2=1e-05|batch=512|bn=True
ok,"{""batch_norm"": false, ""batch_size"": 128, ""dropout"": 0.4, ""l2"": 0.0005, ""learning_rate"": 0.001, ""units"": [256, 128, 64]}",256-128-64,0.4,0.0005,0.001,128,False,80,78,157.21602390008047,0.8590405904059041,0.828008360704688,0.7846632710809281,0.805753305244806,0.935748054499408,,Broad Search,Adam,relu,256-128-64|Adam|lr=0.001|dropout=0.4|l2=0.0005|batch=128|bn=False
ok,"{""batch_norm"": false, ""batch_size"": 128, ""dropout"": 0.1, ""l2"": 1e-05, ""learning_rate"": 0.0005, ""units"": [256, 128, 64]}",256-128-64,0.1,1e-05,0.0005,128,False,41,33,80.90276650013402,0.8573537163943068,0.8170979936027916,0.7951329937747594,0.8059658683493475,0.9357411063679169,,Broad Search,Adam,relu,256-128-64|Adam|lr=0.0005|dropout=0.1|l2=1e-05|batch=128|bn=False
ok,"{""batch_norm"": false, ""batch_size"": 256, ""dropout"": 0.4, ""l2"": 1e-05, ""learning_rate"": 0.0005, ""units"": [256, 128, 64, 32]}",256-128-64-32,0.4,1e-05,0.0005,256,False,80,80,102.3557223000098,0.8558777016341592,0.8063330506078598,0.8070175438596491,0.806675152029416,0.9357357986849214,,Broad Search,Adam,relu,256-128-64-32|Adam|lr=0.0005|dropout=0.4|l2=1e-05|batch=256|bn=False
ok,"{""batch_norm"": true, ""batch_size"": 256, ""dropout"": 0.2, ""l2"": 0.0001, ""learning_rate"": 0.00025, ""units"": [256, 128, 64]}",256-128-64,0.2,0.0001,0.00025,256,True,80,79,124.02523449994624,0.8569847127042699,0.819797327067117,0.7897566496887379,0.8044966491316567,0.93572134966212,,Broad Search,Adam,relu,256-128-64|Adam|lr=0.00025|dropout=0.2|l2=0.0001|batch=256|bn=True
ok,"{""batch_norm"": true, ""batch_size"": 128, ""dropout"": 0.3, ""l2"": 0.0, ""learning_rate"": 0.001, ""units"": [128, 64, 32]}",128-64-32,0.3,0.0,0.001,128,True,80,72,170.56254640012048,0.8561939905113337,0.806843891402715,0.8073005093378608,0.807072135785007,0.9356893965783764,,Broad Search,Adam,relu,128-64-32|Adam|lr=0.001|dropout=0.3|l2=0.0|batch=128|bn=True
ok,"{""activation"": ""relu"", ""batch_norm"": false, ""batch_size"": 512, ""dropout"": 0.3, ""l2"": 1e-05, ""learning_rate"": 0.01, ""optimizer"": ""SGD"", ""units"": [256, 128, 64]}",256-128-64,0.3,1e-05,0.01,512,False,149,137,131.84571190015413,0.8577227200843437,0.8242541190440849,0.7856536502546689,0.804491126403477,0.93566314345879,,Focused Search,SGD,relu,256-128-64|SGD|lr=0.01|dropout=0.3|l2=1e-05|batch=512|bn=False
ok,"{""batch_norm"": false, ""batch_size"": 128, ""dropout"": 0.1, ""l2"": 0.0001, ""learning_rate"": 0.00025, ""units"": [256, 128, 64]}",256-128-64,0.1,0.0001,0.00025,128,False,60,52,123.02829809999092,0.8579335793357934,0.8183141650895327,0.7952744765138653,0.8066298342541437,0.935654216090527,,Broad Search,Adam,relu,256-128-64|Adam|lr=0.00025|dropout=0.1|l2=0.0001|batch=128|bn=False
ok,"{""batch_norm"": true, ""batch_size"": 512, ""dropout"": 0.2, ""l2"": 0.0005, ""learning_rate"": 0.00025, ""units"": [128, 64, 32]}",128-64-32,0.2,0.0005,0.00025,512,True,80,79,70.65326330019161,0.856615709014233,0.8151638155987243,0.795557441992077,0.8052413003007304,0.9356401652925416,,Broad Search,Adam,relu,128-64-32|Adam|lr=0.00025|dropout=0.2|l2=0.0005|batch=512|bn=True
ok,"{""batch_norm"": true, ""batch_size"": 128, ""dropout"": 0.3, ""l2"": 0.0005, ""learning_rate"": 0.0005, ""units"": [128, 64, 32]}",128-64-32,0.3,0.0005,0.0005,128,True,80,78,159.74922040011734,0.8570901423299947,0.8094020735690953,0.80631013016412,0.8078531433836558,0.9356329675275836,,Broad Search,Adam,relu,128-64-32|Adam|lr=0.0005|dropout=0.3|l2=0.0005|batch=128|bn=True
ok,"{""batch_norm"": true, ""batch_size"": 256, ""dropout"": 0.2, ""l2"": 0.0001, ""learning_rate"": 0.0005, ""units"": [256, 128, 64]}",256-128-64,0.2,0.0001,0.0005,256,True,56,48,90.38253420009278,0.8567211386399578,0.8162256469904042,0.7942840973401245,0.8051054065681916,0.9356128542025484,,Broad Search,Adam,relu,256-128-64|Adam|lr=0.0005|dropout=0.2|l2=0.0001|batch=256|bn=True
ok,"{""batch_norm"": false, ""batch_size"": 128, ""dropout"": 0.1, ""l2"": 1e-05, ""learning_rate"": 0.001, ""units"": [256, 128, 64, 32]}",256-128-64-32,0.1,1e-05,0.001,128,False,35,27,88.15779249998741,0.8579862941486558,0.8125178622463561,0.8044708545557442,0.8084743352765534,0.9356071899003148,,Broad Search,Adam,relu,256-128-64-32|Adam|lr=0.001|dropout=0.1|l2=1e-05|batch=128|bn=False
ok,"{""batch_norm"": true, ""batch_size"": 256, ""dropout"": 0.4, ""l2"": 0.0, ""learning_rate"": 0.00025, ""units"": [256, 128, 64]}",256-128-64,0.4,0.0,0.00025,256,True,80,79,139.6578785998281,0.8560885608856088,0.8178487690504103,0.7896151669496322,0.8034840195796141,0.935602589512142,,Broad Search,Adam,relu,256-128-64|Adam|lr=0.00025|dropout=0.4|l2=0.0|batch=256|bn=True
ok,"{""batch_norm"": false, ""batch_size"": 128, ""dropout"": 0.2, ""l2"": 0.0, ""learning_rate"": 0.0005, ""units"": [128, 64, 32]}",128-64-32,0.2,0.0,0.0005,128,False,72,64,111.87421069992706,0.8593041644702162,0.8253216979736725,0.7894736842105263,0.8069997830645744,0.9355621904961068,,Broad Search,Adam,relu,128-64-32|Adam|lr=0.0005|dropout=0.2|l2=0.0|batch=128|bn=False
ok,"{""batch_norm"": true, ""batch_size"": 512, ""dropout"": 0.3, ""l2"": 1e-05, ""learning_rate"": 0.0005, ""units"": [256, 128, 64, 32]}",256-128-64-32,0.3,1e-05,0.0005,512,True,80,80,93.28053079987876,0.8568265682656827,0.8087400681044268,0.8064516129032258,0.807594219325588,0.9355569006440732,,Broad Search,Adam,relu,256-128-64-32|Adam|lr=0.0005|dropout=0.3|l2=1e-05|batch=512|bn=True
ok,"{""batch_norm"": true, ""batch_size"": 512, ""dropout"": 0.2, ""l2"": 1e-05, ""learning_rate"": 0.001, ""units"": [128, 64]}",128-64,0.2,1e-05,0.001,512,True,80,72,61.05017049983144,0.8576700052714813,0.8237474058701453,0.7862195812110923,0.8045461126393514,0.9355495424004584,,Broad Search,Adam,relu,128-64|Adam|lr=0.001|dropout=0.2|l2=1e-05|batch=512|bn=True
ok,"{""batch_norm"": true, ""batch_size"": 128, ""dropout"": 0.3, ""l2"": 0.0, ""learning_rate"": 0.001, ""units"": [256, 128, 64, 32]}",256-128-64-32,0.3,0.0,0.001,128,True,60,52,154.27204370009713,0.8516078017923037,0.7886520971901724,0.822014714204867,0.804987876688604,0.9355454769411428,,Broad Search,Adam,relu,256-128-64-32|Adam|lr=0.001|dropout=0.3|l2=0.0|batch=128|bn=True
ok,"{""activation"": ""relu"", ""batch_norm"": false, ""batch_size"": 512, ""dropout"": 0.3, ""l2"": 1e-05, ""learning_rate"": 0.005, ""optimizer"": ""SGD"", ""units"": [512, 256, 128, 64]}",512-256-128-64,0.3,1e-05,0.005,512,False,150,149,220.10092659993097,0.8552978386926726,0.7995841995841996,0.816213921901528,0.8078134845620668,0.9355255478693808,,Focused Search,SGD,relu,512-256-128-64|SGD|lr=0.005|dropout=0.3|l2=1e-05|batch=512|bn=False
ok,"{""activation"": ""relu"", ""batch_norm"": false, ""batch_size"": 512, ""dropout"": 0.3, ""l2"": 1e-05, ""learning_rate"": 0.0005, ""optimizer"": ""AdamW"", ""units"": [512, 512, 256, 128]}",512-512-256-128,0.3,1e-05,0.0005,512,False,45,33,114.4457617001608,0.8542435424354243,0.7997770656263062,0.812110922467459,0.8058968058968059,0.9355135892375928,,Focused Search,AdamW,relu,512-512-256-128|AdamW|lr=0.0005|dropout=0.3|l2=1e-05|batch=512|bn=False
ok,"{""activation"": ""relu"", ""batch_norm"": false, ""batch_size"": 512, ""dropout"": 0.3, ""l2"": 1e-05, ""learning_rate"": 0.0005, ""optimizer"": ""Adam"", ""units"": [512, 512, 256, 128]}",512-512-256-128,0.3,1e-05,0.0005,512,False,45,33,109.9797977001872,0.8542435424354243,0.7997770656263062,0.812110922467459,0.8058968058968059,0.9355135892375928,,Focused Search,Adam,relu,512-512-256-128|Adam|lr=0.0005|dropout=0.3|l2=1e-05|batch=512|bn=False
ok,"{""batch_norm"": false, ""batch_size"": 512, ""dropout"": 0.3, ""l2"": 0.0001, ""learning_rate"": 0.00025, ""units"": [256, 128, 64]}",256-128-64,0.3,0.0001,0.00025,512,False,80,80,65.39586010016501,0.8566684238270954,0.8215289072896643,0.7860780984719864,0.8034126238160654,0.9354940702779546,,Broad Search,Adam,relu,256-128-64|Adam|lr=0.00025|dropout=0.3|l2=0.0001|batch=512|bn=False
ok,"{""batch_norm"": false, ""batch_size"": 256, ""dropout"": 0.1, ""l2"": 1e-05, ""learning_rate"": 0.0005, ""units"": [128, 64, 32]}",128-64-32,0.1,1e-05,0.0005,256,False,66,58,75.2144259000197,0.8569319978914075,0.8218509757539917,0.7865025466893039,0.8037883169462117,0.9354213615589376,,Broad Search,Adam,relu,128-64-32|Adam|lr=0.0005|dropout=0.1|l2=1e-05|batch=256|bn=False
ok,"{""batch_norm"": false, ""batch_size"": 256, ""dropout"": 0.2, ""l2"": 1e-05, ""learning_rate"": 0.00025, ""units"": [256, 128, 64]}",256-128-64,0.2,1e-05,0.00025,256,False,80,78,94.75024330010638,0.8568265682656827,0.8242921013412817,0.7825410299943407,0.8028741471911743,0.9353968737045808,,Broad Search,Adam,relu,256-128-64|Adam|lr=0.00025|dropout=0.2|l2=1e-05|batch=256|bn=False
ok,"{""batch_norm"": false, ""batch_size"": 128, ""dropout"": 0.2, ""l2"": 1e-05, ""learning_rate"": 0.0005, ""units"": [128, 64, 32]}",128-64-32,0.2,1e-05,0.0005,128,False,63,55,99.27179669984616,0.8593041644702162,0.825707093143788,0.788907753254103,0.8068880688806888,0.9353924932316046,,Broad Search,Adam,relu,128-64-32|Adam|lr=0.0005|dropout=0.2|l2=1e-05|batch=128|bn=False
ok,"{""batch_norm"": false, ""batch_size"": 256, ""dropout"": 0.1, ""l2"": 0.0005, ""learning_rate"": 0.001, ""units"": [128, 64, 32]}",128-64-32,0.1,0.0005,0.001,256,False,80,77,83.18734329985455,0.8573537163943068,0.8257168458781362,0.782258064516129,0.8034001743679163,0.935390246530404,,Broad Search,Adam,relu,128-64-32|Adam|lr=0.001|dropout=0.1|l2=0.0005|batch=256|bn=False
ok,"{""batch_norm"": false, ""batch_size"": 256, ""dropout"": 0.1, ""l2"": 1e-05, ""learning_rate"": 0.0005, ""units"": [256, 128, 64, 32]}",256-128-64-32,0.1,1e-05,0.0005,256,False,53,45,68.98335350002162,0.8555614127569847,0.8108302212008044,0.7986700622524052,0.804704205274412,0.9353706740778802,,Broad Search,Adam,relu,256-128-64-32|Adam|lr=0.0005|dropout=0.1|l2=1e-05|batch=256|bn=False
ok,"{""activation"": ""relu"", ""batch_norm"": false, ""batch_size"": 512, ""dropout"": 0.3, ""l2"": 1e-05, ""learning_rate"": 0.005, ""optimizer"": ""SGD"", ""units"": [512, 512, 256, 128]}",512-512-256-128,0.3,1e-05,0.005,512,False,150,150,346.60542509984225,0.8580390089615182,0.8116540817780311,0.8060271646859083,0.8088308369418613,0.9353550184933226,,Focused Search,SGD,relu,512-512-256-128|SGD|lr=0.005|dropout=0.3|l2=1e-05|batch=512|bn=False
ok,"{""batch_norm"": true, ""batch_size"": 512, ""dropout"": 0.2, ""l2"": 0.0, ""learning_rate"": 0.00025, ""units"": [256, 128, 64]}",256-128-64,0.2,0.0,0.00025,512,True,80,79,95.68469200003892,0.8568265682656827,0.8224659158269116,0.7852292020373515,0.8034163288940359,0.9353227622832264,,Broad Search,Adam,relu,256-128-64|Adam|lr=0.00025|dropout=0.2|l2=0.0|batch=512|bn=True
ok,"{""batch_norm"": false, ""batch_size"": 256, ""dropout"": 0.1, ""l2"": 1e-05, ""learning_rate"": 0.001, ""units"": [256, 128, 64, 32]}",256-128-64-32,0.1,1e-05,0.001,256,False,35,27,47.08709340007045,0.8564048497627833,0.8086981239340535,0.8050367855121675,0.8068633011911515,0.9353153980959577,,Broad Search,Adam,relu,256-128-64-32|Adam|lr=0.001|dropout=0.1|l2=1e-05|batch=256|bn=False
ok,"{""batch_norm"": false, ""batch_size"": 128, ""dropout"": 0.4, ""l2"": 0.0005, ""learning_rate"": 0.001, ""units"": [256, 128, 64, 32]}",256-128-64-32,0.4,0.0005,0.001,128,False,80,80,162.31323569989763,0.8602530311017396,0.8288905435591958,0.7874929258630448,0.8076616121308858,0.935310351933737,,Broad Search,Adam,relu,256-128-64-32|Adam|lr=0.001|dropout=0.4|l2=0.0005|batch=128|bn=False
ok,"{""batch_norm"": true, ""batch_size"": 128, ""dropout"": 0.2, ""l2"": 0.0001, ""learning_rate"": 0.001, ""units"": [128, 64]}",128-64,0.2,0.0001,0.001,128,True,60,52,108.25243439991029,0.8563521349499209,0.8201385817484889,0.7870684776457272,0.8032633022886434,0.93530736227579,,Broad Search,Adam,relu,128-64|Adam|lr=0.001|dropout=0.2|l2=0.0001|batch=128|bn=True
ok,"{""batch_norm"": false, ""batch_size"": 256, ""dropout"": 0.2, ""l2"": 0.0005, ""learning_rate"": 0.001, ""units"": [128, 64, 32]}",128-64-32,0.2,0.0005,0.001,256,False,80,76,78.3526665000245,0.8574591460200316,0.8225901833234772,0.787209960384833,0.8045112781954887,0.9352859294595736,,Broad Search,Adam,relu,128-64-32|Adam|lr=0.001|dropout=0.2|l2=0.0005|batch=256|bn=False
ok,"{""batch_norm"": false, ""batch_size"": 512, ""dropout"": 0.1, ""l2"": 0.0, ""learning_rate"": 0.0005, ""units"": [256, 128, 64, 32]}",256-128-64-32,0.1,0.0,0.0005,512,False,50,42,49.77876259991899,0.855350553505535,0.8090337335620355,0.8007923033389927,0.8048919226393629,0.9352484368903298,,Broad Search,Adam,relu,256-128-64-32|Adam|lr=0.0005|dropout=0.1|l2=0.0|batch=512|bn=False
ok,"{""batch_norm"": true, ""batch_size"": 256, ""dropout"": 0.1, ""l2"": 0.0, ""learning_rate"": 0.001, ""units"": [128, 64, 32]}",128-64-32,0.1,0.0,0.001,256,True,55,47,67.41268660011701,0.8551924090669478,0.8086869552793257,0.8007923033389927,0.8047202672922442,0.9352236399659662,,Broad Search,Adam,relu,128-64-32|Adam|lr=0.001|dropout=0.1|l2=0.0|batch=256|bn=True
ok,"{""batch_norm"": false, ""batch_size"": 128, ""dropout"": 0.1, ""l2"": 1e-05, ""learning_rate"": 0.001, ""units"": [256, 128, 64]}",256-128-64,0.1,1e-05,0.001,128,False,33,25,71.15489150001667,0.8580390089615182,0.8180892831176385,0.7959818902093945,0.806884187880961,0.935207146326199,,Broad Search,Adam,relu,256-128-64|Adam|lr=0.001|dropout=0.1|l2=1e-05|batch=128|bn=False
ok,"{""batch_norm"": false, ""batch_size"": 512, ""dropout"": 0.2, ""l2"": 0.0, ""learning_rate"": 0.00025, ""units"": [256, 128, 64]}",256-128-64,0.2,0.0,0.00025,512,False,80,79,59.85947720007971,0.8561939905113337,0.8232052427762884,0.7819750990379174,0.8020606588303585,0.9351807267843014,,Broad Search,Adam,relu,256-128-64|Adam|lr=0.00025|dropout=0.2|l2=0.0|batch=512|bn=False
ok,"{""batch_norm"": true, ""batch_size"": 128, ""dropout"": 0.3, ""l2"": 1e-05, ""learning_rate"": 0.001, ""units"": [128, 64, 32]}",128-64-32,0.3,1e-05,0.001,128,True,80,78,150.62443349999376,0.8556141275698471,0.8037042233758945,0.810413129598189,0.8070447340612892,0.9351631870614356,,Broad Search,Adam,relu,128-64-32|Adam|lr=0.001|dropout=0.3|l2=1e-05|batch=128|bn=True
ok,"{""batch_norm"": false, ""batch_size"": 128, ""dropout"": 0.3, ""l2"": 0.0, ""learning_rate"": 0.00025, ""units"": [128, 64, 32]}",128-64-32,0.3,0.0,0.00025,128,False,80,79,127.47300529992208,0.8590405904059041,0.827226690497468,0.7857951329937748,0.8059788129444203,0.9351290704876468,,Broad Search,Adam,relu,128-64-32|Adam|lr=0.00025|dropout=0.3|l2=0.0|batch=128|bn=False
ok,"{""batch_norm"": true, ""batch_size"": 128, ""dropout"": 0.3, ""l2"": 0.0001, ""learning_rate"": 0.0005, ""units"": [128, 64, 32]}",128-64-32,0.3,0.0001,0.0005,128,True,80,78,151.14321470004506,0.8539799683711122,0.8030174844895657,0.8057441992076967,0.8043785310734464,0.935126419617976,,Broad Search,Adam,relu,128-64-32|Adam|lr=0.0005|dropout=0.3|l2=0.0001|batch=128|bn=True
ok,"{""batch_norm"": true, ""batch_size"": 256, ""dropout"": 0.2, ""l2"": 1e-05, ""learning_rate"": 0.0005, ""units"": [128, 64]}",128-64,0.2,1e-05,0.0005,256,True,80,80,91.73477159999312,0.8575645756457565,0.8176658905704307,0.7949915110356537,0.8061692969870875,0.9351194952611008,,Broad Search,Adam,relu,128-64|Adam|lr=0.0005|dropout=0.2|l2=1e-05|batch=256|bn=True
ok,"{""batch_norm"": false, ""batch_size"": 256, ""dropout"": 0.3, ""l2"": 0.0005, ""learning_rate"": 0.0005, ""units"": [256, 128, 64]}",256-128-64,0.3,0.0005,0.0005,256,False,80,77,95.57532840012573,0.8578281497100685,0.8300860897145447,0.7775891341256367,0.8029804952881876,0.9350989837112498,,Broad Search,Adam,relu,256-128-64|Adam|lr=0.0005|dropout=0.3|l2=0.0005|batch=256|bn=False
ok,"{""batch_norm"": false, ""batch_size"": 512, ""dropout"": 0.1, ""l2"": 1e-05, ""learning_rate"": 0.001, ""units"": [128, 64, 32]}",128-64-32,0.1,1e-05,0.001,512,False,58,50,39.36812500003725,0.8558777016341592,0.8208469055374593,0.7843803056027164,0.8021993922731877,0.935042031618908,,Broad Search,Adam,relu,128-64-32|Adam|lr=0.001|dropout=0.1|l2=1e-05|batch=512|bn=False
ok,"{""batch_norm"": true, ""batch_size"": 128, ""dropout"": 0.2, ""l2"": 0.0005, ""learning_rate"": 0.00025, ""units"": [256, 128, 64]}",256-128-64,0.2,0.0005,0.00025,128,True,51,43,122.10554030002096,0.8558777016341592,0.8133314054366686,0.7958404074702886,0.8044908466819222,0.935023059475435,,Broad Search,Adam,relu,256-128-64|Adam|lr=0.00025|dropout=0.2|l2=0.0005|batch=128|bn=True
ok,"{""batch_norm"": false, ""batch_size"": 256, ""dropout"": 0.1, ""l2"": 0.0005, ""learning_rate"": 0.00025, ""units"": [256, 128, 64]}",256-128-64,0.1,0.0005,0.00025,256,False,80,76,102.77188409981318,0.8562994201370585,0.8209639266706091,0.7856536502546689,0.8029207634470792,0.935015713119128,,Broad Search,Adam,relu,256-128-64|Adam|lr=0.00025|dropout=0.1|l2=0.0005|batch=256|bn=False
ok,"{""batch_norm"": false, ""batch_size"": 512, ""dropout"": 0.1, ""l2"": 1e-05, ""learning_rate"": 0.0005, ""units"": [128, 64, 32]}",128-64-32,0.1,1e-05,0.0005,512,False,80,80,54.289371100021526,0.8579335793357934,0.8215914105015444,0.7903225806451613,0.8056537102473498,0.935005276062756,,Broad Search,Adam,relu,128-64-32|Adam|lr=0.0005|dropout=0.1|l2=1e-05|batch=512|bn=False
ok,"{""batch_norm"": false, ""batch_size"": 256, ""dropout"": 0.1, ""l2"": 0.0005, ""learning_rate"": 0.0005, ""units"": [128, 64, 32]}",128-64-32,0.1,0.0005,0.0005,256,False,80,79,77.73369299992919,0.857880864522931,0.8252008330853913,0.784804753820034,0.8044960116026106,0.9349908151526468,,Broad Search,Adam,relu,128-64-32|Adam|lr=0.0005|dropout=0.1|l2=0.0005|batch=256|bn=False
ok,"{""batch_norm"": true, ""batch_size"": 256, ""dropout"": 0.4, ""l2"": 0.0001, ""learning_rate"": 0.0005, ""units"": [128, 64, 32]}",128-64-32,0.4,0.0001,0.0005,256,True,80,80,96.12502390006556,0.8568265682656827,0.818035662087109,0.7918788907753254,0.804744787922358,0.9349855787934992,,Broad Search,Adam,relu,128-64-32|Adam|lr=0.0005|dropout=0.4|l2=0.0001|batch=256|bn=True
ok,"{""batch_norm"": false, ""batch_size"": 512, ""dropout"": 0.2, ""l2"": 1e-05, ""learning_rate"": 0.0005, ""units"": [128, 64, 32]}",128-64-32,0.2,1e-05,0.0005,512,False,80,79,53.72459600004368,0.8576700052714813,0.8138832997987927,0.8012167515563101,0.8075003564808213,0.9349773765510204,,Broad Search,Adam,relu,128-64-32|Adam|lr=0.0005|dropout=0.2|l2=1e-05|batch=512|bn=False
ok,"{""activation"": ""relu"", ""batch_norm"": false, ""batch_size"": 512, ""dropout"": 0.3, ""l2"": 1e-05, ""learning_rate"": 0.005, ""optimizer"": ""SGD"", ""units"": [512, 256, 128]}",512-256-128,0.3,1e-05,0.005,512,False,150,149,209.922142499825,0.8566684238270954,0.8194505655942412,0.7891907187323146,0.804036036036036,0.9349552602145972,,Focused Search,SGD,relu,512-256-128|SGD|lr=0.005|dropout=0.3|l2=1e-05|batch=512|bn=False
ok,"{""batch_norm"": true, ""batch_size"": 256, ""dropout"": 0.1, ""l2"": 0.0, ""learning_rate"": 0.00025, ""units"": [256, 128, 64, 32]}",256-128-64-32,0.1,0.0,0.00025,256,True,46,38,78.30904210009612,0.8580917237743806,0.8150014396775123,0.8009337860780985,0.8079063793349508,0.9349479792384838,,Broad Search,Adam,relu,256-128-64-32|Adam|lr=0.00025|dropout=0.1|l2=0.0|batch=256|bn=True
ok,"{""batch_norm"": true, ""batch_size"": 256, ""dropout"": 0.4, ""l2"": 0.0005, ""learning_rate"": 0.0005, ""units"": [128, 64, 32]}",128-64-32,0.4,0.0005,0.0005,256,True,80,80,98.4264330000151,0.8557195571955719,0.8172893772893773,0.7891907187323146,0.8029943136831498,0.9349195447978906,,Broad Search,Adam,relu,128-64-32|Adam|lr=0.0005|dropout=0.4|l2=0.0005|batch=256|bn=True
ok,"{""batch_norm"": true, ""batch_size"": 128, ""dropout"": 0.1, ""l2"": 0.0, ""learning_rate"": 0.00025, ""units"": [256, 128, 64, 32]}",256-128-64-32,0.1,0.0,0.00025,128,True,55,47,139.26920789992437,0.8548761201897733,0.8086993847474603,0.799660441426146,0.8041545137653838,0.934914682888943,,Broad Search,Adam,relu,256-128-64-32|Adam|lr=0.00025|dropout=0.1|l2=0.0|batch=128|bn=True
ok,"{""batch_norm"": true, ""batch_size"": 128, ""dropout"": 0.2, ""l2"": 0.0001, ""learning_rate"": 0.0005, ""units"": [128, 64]}",128-64,0.2,0.0001,0.0005,128,True,60,52,101.10677630011924,0.8557722720084344,0.8150087260034904,0.7928692699490663,0.8037865748709122,0.9349052384227844,,Broad Search,Adam,relu,128-64|Adam|lr=0.0005|dropout=0.2|l2=0.0001|batch=128|bn=True
ok,"{""batch_norm"": true, ""batch_size"": 128, ""dropout"": 0.2, ""l2"": 1e-05, ""learning_rate"": 0.001, ""units"": [128, 64]}",128-64,0.2,1e-05,0.001,128,True,67,59,117.8506901001092,0.857248286768582,0.8254702896386982,0.782258064516129,0.8032834519831469,0.934904115072184,,Broad Search,Adam,relu,128-64|Adam|lr=0.001|dropout=0.2|l2=1e-05|batch=128|bn=True
ok,"{""batch_norm"": false, ""batch_size"": 128, ""dropout"": 0.4, ""l2"": 0.0001, ""learning_rate"": 0.0005, ""units"": [128, 64, 32]}",128-64-32,0.4,0.0001,0.0005,128,False,80,73,129.22215180005878,0.8566684238270954,0.8300197298527849,0.7737691001697793,0.8009079592882771,0.934903716847368,,Broad Search,Adam,relu,128-64-32|Adam|lr=0.0005|dropout=0.4|l2=0.0001|batch=128|bn=False
ok,"{""batch_norm"": true, ""batch_size"": 256, ""dropout"": 0.1, ""l2"": 0.0, ""learning_rate"": 0.0005, ""units"": [256, 128, 64]}",256-128-64,0.1,0.0,0.0005,256,True,40,32,67.866916900035,0.8558777016341592,0.8188640376692172,0.7873514431239389,0.802798615118292,0.9348605896941604,,Broad Search,Adam,relu,256-128-64|Adam|lr=0.0005|dropout=0.1|l2=0.0|batch=256|bn=True
ok,"{""batch_norm"": true, ""batch_size"": 512, ""dropout"": 0.4, ""l2"": 1e-05, ""learning_rate"": 0.001, ""units"": [128, 64]}",128-64,0.4,1e-05,0.001,512,True,80,78,67.0529821999371,0.856615709014233,0.8336402701043585,0.7685342388228636,0.7997644287396938,0.934841956338964,,Broad Search,Adam,relu,128-64|Adam|lr=0.001|dropout=0.4|l2=1e-05|batch=512|bn=True
ok,"{""batch_norm"": false, ""batch_size"": 256, ""dropout"": 0.3, ""l2"": 0.0005, ""learning_rate"": 0.00025, ""units"": [256, 128, 64]}",256-128-64,0.3,0.0005,0.00025,256,False,80,79,100.99012709991077,0.8561412756984713,0.8218365227711022,0.7838143746462931,0.8023752625099573,0.9348388834698614,,Broad Search,Adam,relu,256-128-64|Adam|lr=0.00025|dropout=0.3|l2=0.0005|batch=256|bn=False
ok,"{""batch_norm"": false, ""batch_size"": 256, ""dropout"": 0.1, ""l2"": 0.0001, ""learning_rate"": 0.00025, ""units"": [256, 128, 64]}",256-128-64,0.1,0.0001,0.00025,256,False,62,54,80.29399710008875,0.855086979441223,0.8194054134003845,0.7838143746462931,0.8012148383831079,0.9347768911589526,,Broad Search,Adam,relu,256-128-64|Adam|lr=0.00025|dropout=0.1|l2=0.0001|batch=256|bn=False
ok,"{""batch_norm"": true, ""batch_size"": 256, ""dropout"": 0.1, ""l2"": 1e-05, ""learning_rate"": 0.001, ""units"": [128, 64, 32]}",128-64-32,0.1,1e-05,0.001,256,True,44,36,54.68300609989092,0.8577227200843437,0.8098142107502482,0.8078664402942841,0.8088391529145124,0.9347649741327424,,Broad Search,Adam,relu,128-64-32|Adam|lr=0.001|dropout=0.1|l2=1e-05|batch=256|bn=True
ok,"{""batch_norm"": false, ""batch_size"": 512, ""dropout"": 0.1, ""l2"": 0.0005, ""learning_rate"": 0.001, ""units"": [128, 64, 32]}",128-64-32,0.1,0.0005,0.001,512,False,80,76,52.081299000186846,0.8574591460200316,0.8263535746335626,0.7816921335597057,0.8034026465028355,0.9347498891389662,,Broad Search,Adam,relu,128-64-32|Adam|lr=0.001|dropout=0.1|l2=0.0005|batch=512|bn=False
ok,"{""batch_norm"": true, ""batch_size"": 512, ""dropout"": 0.1, ""l2"": 0.0001, ""learning_rate"": 0.001, ""units"": [128, 64, 32]}",128-64-32,0.1,0.0001,0.001,512,True,48,40,43.1060010001529,0.8557195571955719,0.8189718662542348,0.7866440294284097,0.8024824998195857,0.9347459960456156,,Broad Search,Adam,relu,128-64-32|Adam|lr=0.001|dropout=0.1|l2=0.0001|batch=512|bn=True
ok,"{""batch_norm"": true, ""batch_size"": 128, ""dropout"": 0.1, ""l2"": 0.0001, ""learning_rate"": 0.001, ""units"": [128, 64, 32]}",128-64-32,0.1,0.0001,0.001,128,True,44,36,86.52118269982748,0.8538745387453874,0.8133936387510943,0.7887662705149971,0.8008906766269214,0.9346958613243772,,Broad Search,Adam,relu,128-64-32|Adam|lr=0.001|dropout=0.1|l2=0.0001|batch=128|bn=True
ok,"{""batch_norm"": true, ""batch_size"": 512, ""dropout"": 0.1, ""l2"": 0.0001, ""learning_rate"": 0.0005, ""units"": [256, 128, 64]}",256-128-64,0.1,0.0001,0.0005,512,True,52,44,54.68166200001724,0.8565102793885082,0.8214497041420118,0.7856536502546689,0.8031530228521839,0.9346392361330036,,Broad Search,Adam,relu,256-128-64|Adam|lr=0.0005|dropout=0.1|l2=0.0001|batch=512|bn=True
ok,"{""batch_norm"": false, ""batch_size"": 128, ""dropout"": 0.1, ""l2"": 0.0, ""learning_rate"": 0.00025, ""units"": [256, 128, 64, 32]}",256-128-64-32,0.1,0.0,0.00025,128,False,49,41,120.59404150000772,0.8540326831839747,0.8071153021860266,0.7992359932088285,0.8031563233098742,0.9346163411779104,,Broad Search,Adam,relu,256-128-64-32|Adam|lr=0.00025|dropout=0.1|l2=0.0|batch=128|bn=False
ok,"{""batch_norm"": false, ""batch_size"": 512, ""dropout"": 0.1, ""l2"": 1e-05, ""learning_rate"": 0.0005, ""units"": [256, 128, 64]}",256-128-64,0.1,1e-05,0.0005,512,False,59,51,47.75199889997021,0.8566684238270954,0.8213388503029407,0.7863610639501981,0.8034694615106613,0.9345854222899576,,Broad Search,Adam,relu,256-128-64|Adam|lr=0.0005|dropout=0.1|l2=1e-05|batch=512|bn=False
ok,"{""batch_norm"": true, ""batch_size"": 512, ""dropout"": 0.1, ""l2"": 0.0001, ""learning_rate"": 0.00025, ""units"": [256, 128, 64]}",256-128-64,0.1,0.0001,0.00025,512,True,80,73,80.12682999996468,0.8577227200843437,0.8273640041960137,0.7811262026032824,0.80358052543483,0.9345254508213988,,Broad Search,Adam,relu,256-128-64|Adam|lr=0.00025|dropout=0.1|l2=0.0001|batch=512|bn=True
ok,"{""batch_norm"": true, ""batch_size"": 256, ""dropout"": 0.1, ""l2"": 1e-05, ""learning_rate"": 0.001, ""units"": [256, 128, 64]}",256-128-64,0.1,1e-05,0.001,256,True,31,23,49.928879000013694,0.8554032683183975,0.8175011011598884,0.7877758913412564,0.802363282657252,0.934506906621012,,Broad Search,Adam,relu,256-128-64|Adam|lr=0.001|dropout=0.1|l2=1e-05|batch=256|bn=True
ok,"{""batch_norm"": false, ""batch_size"": 256, ""dropout"": 0.1, ""l2"": 0.0, ""learning_rate"": 0.0005, ""units"": [128, 64, 32]}",128-64-32,0.1,0.0,0.0005,256,False,66,58,63.05163679993712,0.8575645756457565,0.8276793755628941,0.7801358234295416,0.8032046613255645,0.9344958751992432,,Broad Search,Adam,relu,128-64-32|Adam|lr=0.0005|dropout=0.1|l2=0.0|batch=256|bn=False
ok,"{""batch_norm"": false, ""batch_size"": 128, ""dropout"": 0.3, ""l2"": 0.0, ""learning_rate"": 0.001, ""units"": [128, 64, 32]}",128-64-32,0.3,0.0,0.001,128,False,46,38,69.61781769990921,0.8578281497100685,0.8284984217646175,0.77985285795133,0.8034399825085635,0.9344928498793724,,Broad Search,Adam,relu,128-64-32|Adam|lr=0.001|dropout=0.3|l2=0.0|batch=128|bn=False
ok,"{""batch_norm"": false, ""batch_size"": 512, ""dropout"": 0.1, ""l2"": 1e-05, ""learning_rate"": 0.00025, ""units"": [256, 128, 64, 32]}",256-128-64-32,0.1,1e-05,0.00025,512,False,66,58,54.45244279992767,0.8552451238798102,0.8085379782981154,0.8012167515563101,0.8048607163160887,0.9344703293744794,,Broad Search,Adam,relu,256-128-64-32|Adam|lr=0.00025|dropout=0.1|l2=1e-05|batch=512|bn=False
ok,"{""batch_norm"": true, ""batch_size"": 256, ""dropout"": 0.3, ""l2"": 0.0001, ""learning_rate"": 0.00025, ""units"": [128, 64, 32]}",128-64-32,0.3,0.0001,0.00025,256,True,80,80,105.63526919996366,0.8562994201370585,0.8131852279284478,0.7975382003395586,0.8052857142857143,0.934453461284512,,Broad Search,Adam,relu,128-64-32|Adam|lr=0.00025|dropout=0.3|l2=0.0001|batch=256|bn=True
ok,"{""batch_norm"": true, ""batch_size"": 256, ""dropout"": 0.3, ""l2"": 0.0005, ""learning_rate"": 0.0005, ""units"": [128, 64]}",128-64,0.3,0.0005,0.0005,256,True,66,58,71.90434439992532,0.8557195571955719,0.8190658612052453,0.7865025466893039,0.8024539877300614,0.9344202956953586,,Broad Search,Adam,relu,128-64|Adam|lr=0.0005|dropout=0.3|l2=0.0005|batch=256|bn=True
ok,"{""batch_norm"": true, ""batch_size"": 256, ""dropout"": 0.1, ""l2"": 0.0001, ""learning_rate"": 0.00025, ""units"": [256, 128, 64]}",256-128-64,0.1,0.0001,0.00025,256,True,50,42,82.50419260002673,0.8551396942540854,0.8179275831616132,0.7862195812110923,0.8017602077622277,0.9344113802144032,,Broad Search,Adam,relu,256-128-64|Adam|lr=0.00025|dropout=0.1|l2=0.0001|batch=256|bn=True
ok,"{""batch_norm"": false, ""batch_size"": 256, ""dropout"": 0.4, ""l2"": 0.0, ""learning_rate"": 0.001, ""units"": [128, 64, 32]}",128-64-32,0.4,0.0,0.001,256,False,61,53,60.51121769985184,0.8600948866631524,0.8205984892504358,0.7992359932088285,0.809776376146789,0.9344071364454688,,Broad Search,Adam,relu,128-64-32|Adam|lr=0.001|dropout=0.4|l2=0.0|batch=256|bn=False
ok,"{""batch_norm"": true, ""batch_size"": 512, ""dropout"": 0.4, ""l2"": 0.0001, ""learning_rate"": 0.0005, ""units"": [128, 64]}",128-64,0.4,0.0001,0.0005,512,True,80,78,60.07389850006439,0.8549815498154981,0.8347030547371685,0.761601584606678,0.7964785085447954,0.9343495602694596,,Broad Search,Adam,relu,128-64|Adam|lr=0.0005|dropout=0.4|l2=0.0001|batch=512|bn=True
ok,"{""batch_norm"": true, ""batch_size"": 512, ""dropout"": 0.1, ""l2"": 1e-05, ""learning_rate"": 0.00025, ""units"": [256, 128, 64, 32]}",256-128-64-32,0.1,1e-05,0.00025,512,True,80,78,95.79946690006182,0.8555614127569847,0.8119054482559815,0.7969722693831353,0.8043695559046123,0.9343051492869944,,Broad Search,Adam,relu,256-128-64-32|Adam|lr=0.00025|dropout=0.1|l2=1e-05|batch=512|bn=True
ok,"{""batch_norm"": false, ""batch_size"": 128, ""dropout"": 0.2, ""l2"": 0.0, ""learning_rate"": 0.00025, ""units"": [128, 64]}",128-64,0.2,0.0,0.00025,128,False,80,80,110.16100600012578,0.8568792830785451,0.8299226921327876,0.7746179966044142,0.8013172338090011,0.9343021001925078,,Broad Search,Adam,relu,128-64|Adam|lr=0.00025|dropout=0.2|l2=0.0|batch=128|bn=False
ok,"{""batch_norm"": true, ""batch_size"": 128, ""dropout"": 0.1, ""l2"": 0.0001, ""learning_rate"": 0.0005, ""units"": [256, 128, 64]}",256-128-64,0.1,0.0001,0.0005,128,True,34,26,86.43361410009675,0.8570374275171323,0.8192612137203166,0.7907470288624788,0.8047516198704103,0.934300857968828,,Broad Search,Adam,relu,256-128-64|Adam|lr=0.0005|dropout=0.1|l2=0.0001|batch=128|bn=True
ok,"{""batch_norm"": true, ""batch_size"": 256, ""dropout"": 0.1, ""l2"": 1e-05, ""learning_rate"": 0.0005, ""units"": [128, 64, 32]}",128-64-32,0.1,1e-05,0.0005,256,True,59,51,71.06997580011375,0.8541908276225619,0.8078133943903835,0.7986700622524052,0.8032157085941947,0.93424630711269,,Broad Search,Adam,relu,128-64-32|Adam|lr=0.0005|dropout=0.1|l2=1e-05|batch=256|bn=True
ok,"{""batch_norm"": true, ""batch_size"": 256, ""dropout"": 0.1, ""l2"": 0.0005, ""learning_rate"": 0.001, ""units"": [64, 32]}",64-32,0.1,0.0005,0.001,256,True,80,72,77.95958609995432,0.8547179757511861,0.8181818181818182,0.7843803056027164,0.8009245882692864,0.9342423783574156,,Broad Search,Adam,relu,64-32|Adam|lr=0.001|dropout=0.1|l2=0.0005|batch=256|bn=True
ok,"{""batch_norm"": true, ""batch_size"": 256, ""dropout"": 0.4, ""l2"": 0.0, ""learning_rate"": 0.0005, ""units"": [128, 64, 32]}",128-64-32,0.4,0.0,0.0005,256,True,80,79,102.5774288000539,0.8568792830785451,0.8129403306973401,0.7999434069043577,0.8063895029594238,0.9342330765389524,,Broad Search,Adam,relu,128-64-32|Adam|lr=0.0005|dropout=0.4|l2=0.0|batch=256|bn=True
ok,"{""batch_norm"": false, ""batch_size"": 256, ""dropout"": 0.4, ""l2"": 1e-05, ""learning_rate"": 0.0005, ""units"": [128, 64]}",128-64,0.4,1e-05,0.0005,256,False,80,77,70.33939049998298,0.8562994201370585,0.8386895475819033,0.7606112054329371,0.7977444724736608,0.9342325713283648,,Broad Search,Adam,relu,128-64|Adam|lr=0.0005|dropout=0.4|l2=1e-05|batch=256|bn=False
ok,"{""batch_norm"": false, ""batch_size"": 512, ""dropout"": 0.2, ""l2"": 0.0001, ""learning_rate"": 0.001, ""units"": [128, 64]}",128-64,0.2,0.0001,0.001,512,False,80,75,47.27916800021194,0.8559304164470216,0.8271698113207547,0.7753254102999434,0.8004089680858832,0.9342032215650602,,Broad Search,Adam,relu,128-64|Adam|lr=0.001|dropout=0.2|l2=0.0001|batch=512|bn=False
ok,"{""batch_norm"": true, ""batch_size"": 128, ""dropout"": 0.3, ""l2"": 1e-05, ""learning_rate"": 0.0005, ""units"": [128, 64, 32]}",128-64-32,0.3,1e-05,0.0005,128,True,80,77,148.96853800001554,0.8537691091196626,0.8063641552511416,0.7995189586870401,0.8029269678886047,0.9341702283418718,,Broad Search,Adam,relu,128-64-32|Adam|lr=0.0005|dropout=0.3|l2=1e-05|batch=128|bn=True
ok,"{""batch_norm"": true, ""batch_size"": 128, ""dropout"": 0.1, ""l2"": 0.0005, ""learning_rate"": 0.00025, ""units"": [128, 64]}",128-64,0.1,0.0005,0.00025,128,True,80,74,141.73171650012955,0.8538745387453874,0.8120278907611853,0.7908885116015846,0.8013188073394495,0.9341413481272308,,Broad Search,Adam,relu,128-64|Adam|lr=0.00025|dropout=0.1|l2=0.0005|batch=128|bn=True
ok,"{""batch_norm"": false, ""batch_size"": 512, ""dropout"": 0.4, ""l2"": 0.0005, ""learning_rate"": 0.00025, ""units"": [256, 128, 64, 32]}",256-128-64-32,0.4,0.0005,0.00025,512,False,80,77,64.68944420013577,0.8576700052714813,0.8216494845360824,0.7893322014714205,0.8051666907201617,0.9341220966320212,,Broad Search,Adam,relu,256-128-64-32|Adam|lr=0.00025|dropout=0.4|l2=0.0005|batch=512|bn=False
ok,"{""batch_norm"": false, ""batch_size"": 256, ""dropout"": 0.1, ""l2"": 0.0, ""learning_rate"": 0.0005, ""units"": [128, 64]}",128-64,0.1,0.0,0.0005,256,False,80,73,72.30396170006134,0.8564048497627833,0.8233105090800834,0.7825410299943407,0.8024082402437255,0.9340936919096978,,Broad Search,Adam,relu,128-64|Adam|lr=0.0005|dropout=0.1|l2=0.0|batch=256|bn=False
ok,"{""batch_norm"": true, ""batch_size"": 256, ""dropout"": 0.2, ""l2"": 0.0, ""learning_rate"": 0.00025, ""units"": [128, 64]}",128-64,0.2,0.0,0.00025,256,True,80,79,85.96286860015243,0.8559304164470216,0.8176755093067566,0.7893322014714205,0.8032539054063782,0.9340915878561924,,Broad Search,Adam,relu,128-64|Adam|lr=0.00025|dropout=0.2|l2=0.0|batch=256|bn=True
ok,"{""batch_norm"": true, ""batch_size"": 256, ""dropout"": 0.3, ""l2"": 0.0001, ""learning_rate"": 0.00025, ""units"": [128, 64]}",128-64,0.3,0.0001,0.00025,256,True,80,80,86.21386749995872,0.8567211386399578,0.8294456225386246,0.7747594793435201,0.8011704462326262,0.9340644194138948,,Broad Search,Adam,relu,128-64|Adam|lr=0.00025|dropout=0.3|l2=0.0001|batch=256|bn=True
ok,"{""batch_norm"": true, ""batch_size"": 128, ""dropout"": 0.4, ""l2"": 0.0, ""learning_rate"": 0.0005, ""units"": [128, 64]}",128-64,0.4,0.0,0.0005,128,True,80,79,145.49731560004875,0.8571955719557196,0.8318867062585655,0.7729202037351444,0.8013201320132013,0.9340437889909644,,Broad Search,Adam,relu,128-64|Adam|lr=0.0005|dropout=0.4|l2=0.0|batch=128|bn=True
ok,"{""batch_norm"": true, ""batch_size"": 512, ""dropout"": 0.1, ""l2"": 0.0, ""learning_rate"": 0.00025, ""units"": [256, 128, 64, 32]}",256-128-64-32,0.1,0.0,0.00025,512,True,80,78,93.2365807001479,0.8565629942013706,0.8144986253798293,0.7964063384267119,0.8053508834680593,0.934022766286872,,Broad Search,Adam,relu,256-128-64-32|Adam|lr=0.00025|dropout=0.1|l2=0.0|batch=512|bn=True
ok,"{""batch_norm"": true, ""batch_size"": 128, ""dropout"": 0.2, ""l2"": 0.0005, ""learning_rate"": 0.0005, ""units"": [64, 32]}",64-32,0.2,0.0005,0.0005,128,True,80,77,116.80099070002323,0.8548234053769109,0.827115559599636,0.7716468590831919,0.7984189723320159,0.9340143560165042,,Broad Search,Adam,relu,64-32|Adam|lr=0.0005|dropout=0.2|l2=0.0005|batch=128|bn=True
ok,"{""batch_norm"": true, ""batch_size"": 128, ""dropout"": 0.4, ""l2"": 1e-05, ""learning_rate"": 0.001, ""units"": [128, 64]}",128-64,0.4,1e-05,0.001,128,True,77,69,125.73340130015276,0.8558249868212968,0.8316240624521659,0.7686757215619694,0.7989118447173001,0.9340035623408944,,Broad Search,Adam,relu,128-64|Adam|lr=0.001|dropout=0.4|l2=1e-05|batch=128|bn=True
ok,"{""batch_norm"": true, ""batch_size"": 512, ""dropout"": 0.1, ""l2"": 0.0001, ""learning_rate"": 0.00025, ""units"": [128, 64, 32]}",128-64-32,0.1,0.0001,0.00025,512,True,80,79,77.52268799999729,0.8563521349499209,0.8213704306644961,0.7852292020373515,0.8028933092224232,0.9339961089988156,,Broad Search,Adam,relu,128-64-32|Adam|lr=0.00025|dropout=0.1|l2=0.0001|batch=512|bn=True
ok,"{""batch_norm"": false, ""batch_size"": 512, ""dropout"": 0.2, ""l2"": 0.0, ""learning_rate"": 0.0005, ""units"": [128, 64]}",128-64,0.2,0.0,0.0005,512,False,80,80,50.01564170001075,0.8561939905113337,0.8284892521949743,0.7743350311262026,0.8004972941348545,0.933984310845685,,Broad Search,Adam,relu,128-64|Adam|lr=0.0005|dropout=0.2|l2=0.0|batch=512|bn=False
ok,"{""batch_norm"": true, ""batch_size"": 512, ""dropout"": 0.2, ""l2"": 0.0001, ""learning_rate"": 0.00025, ""units"": [128, 64, 32]}",128-64-32,0.2,0.0001,0.00025,512,True,80,79,69.32567949988879,0.855350553505535,0.8169158604514805,0.7884833050367855,0.802447804175666,0.9339612494682806,,Broad Search,Adam,relu,128-64-32|Adam|lr=0.00025|dropout=0.2|l2=0.0001|batch=512|bn=True
ok,"{""activation"": ""relu"", ""batch_norm"": false, ""batch_size"": 512, ""dropout"": 0.3, ""l2"": 1e-05, ""learning_rate"": 0.005, ""optimizer"": ""SGD"", ""units"": [384, 192, 96]}",384-192-96,0.3,1e-05,0.005,512,False,150,150,165.90470300009474,0.8557195571955719,0.8203876313064062,0.7845217883418223,0.8020539524119477,0.9339210763110962,,Focused Search,SGD,relu,384-192-96|SGD|lr=0.005|dropout=0.3|l2=1e-05|batch=512|bn=False
ok,"{""batch_norm"": false, ""batch_size"": 512, ""dropout"": 0.4, ""l2"": 0.0, ""learning_rate"": 0.0005, ""units"": [128, 64, 32]}",128-64-32,0.4,0.0,0.0005,512,False,80,80,53.99994800006971,0.857880864522931,0.8309112927641538,0.7765987549518959,0.8028375018282873,0.9339130345472748,,Broad Search,Adam,relu,128-64-32|Adam|lr=0.0005|dropout=0.4|l2=0.0|batch=512|bn=False
ok,"{""batch_norm"": true, ""batch_size"": 128, ""dropout"": 0.2, ""l2"": 0.0, ""learning_rate"": 0.0005, ""units"": [128, 64]}",128-64,0.2,0.0,0.0005,128,True,61,53,104.76330600003712,0.855086979441223,0.8157625383828045,0.7893322014714205,0.8023297619903645,0.9339109423810772,,Broad Search,Adam,relu,128-64|Adam|lr=0.0005|dropout=0.2|l2=0.0|batch=128|bn=True
ok,"{""batch_norm"": true, ""batch_size"": 256, ""dropout"": 0.1, ""l2"": 0.0001, ""learning_rate"": 0.001, ""units"": [256, 128, 64, 32]}",256-128-64-32,0.1,0.0001,0.001,256,True,32,24,57.14233760000207,0.8534001054296257,0.8000839983200336,0.8085738539898133,0.8043065231158961,0.9339089572006511,,Broad Search,Adam,relu,256-128-64-32|Adam|lr=0.001|dropout=0.1|l2=0.0001|batch=256|bn=True
ok,"{""batch_norm"": false, ""batch_size"": 128, ""dropout"": 0.3, ""l2"": 1e-05, ""learning_rate"": 0.00025, ""units"": [128, 64]}",128-64,0.3,1e-05,0.00025,128,False,80,79,115.60381900006904,0.8558249868212968,0.8331539289558665,0.766553480475382,0.7984673200206323,0.9338656814560944,,Broad Search,Adam,relu,128-64|Adam|lr=0.00025|dropout=0.3|l2=1e-05|batch=128|bn=False
ok,"{""batch_norm"": false, ""batch_size"": 256, ""dropout"": 0.4, ""l2"": 0.0, ""learning_rate"": 0.0005, ""units"": [128, 64]}",128-64,0.4,0.0,0.0005,256,False,80,77,72.97845019982196,0.8567211386399578,0.8434933670246367,0.7556593095642332,0.7971641791044776,0.9338648731191544,,Broad Search,Adam,relu,128-64|Adam|lr=0.0005|dropout=0.4|l2=0.0|batch=256|bn=False
ok,"{""batch_norm"": true, ""batch_size"": 512, ""dropout"": 0.1, ""l2"": 0.0005, ""learning_rate"": 0.001, ""units"": [256, 128, 64]}",256-128-64,0.1,0.0005,0.001,512,True,40,32,47.36406769999303,0.8536109646810753,0.8085718394937437,0.7954159592529711,0.8019399472220241,0.9338331340069538,,Broad Search,Adam,relu,256-128-64|Adam|lr=0.001|dropout=0.1|l2=0.0005|batch=512|bn=True
ok,"{""batch_norm"": false, ""batch_size"": 256, ""dropout"": 0.4, ""l2"": 1e-05, ""learning_rate"": 0.001, ""units"": [128, 64]}",128-64,0.4,1e-05,0.001,256,False,69,61,64.5647217000369,0.8556668423827095,0.8371223917782622,0.7606112054329371,0.7970348406226835,0.9337469510243864,,Broad Search,Adam,relu,128-64|Adam|lr=0.001|dropout=0.4|l2=1e-05|batch=256|bn=False
ok,"{""batch_norm"": true, ""batch_size"": 128, ""dropout"": 0.2, ""l2"": 0.0005, ""learning_rate"": 0.001, ""units"": [64, 32]}",64-32,0.2,0.0005,0.001,128,True,80,75,116.40680900006556,0.8571428571428571,0.8290546662639686,0.7767402376910016,0.802045288531775,0.9337396284426952,,Broad Search,Adam,relu,64-32|Adam|lr=0.001|dropout=0.2|l2=0.0005|batch=128|bn=True
ok,"{""batch_norm"": true, ""batch_size"": 256, ""dropout"": 0.1, ""l2"": 0.0005, ""learning_rate"": 0.001, ""units"": [256, 128, 64]}",256-128-64,0.1,0.0005,0.001,256,True,39,31,70.37503690016456,0.8542435424354243,0.8087243506959392,0.7973967176004527,0.8030205884448244,0.9336666165973256,,Broad Search,Adam,relu,256-128-64|Adam|lr=0.001|dropout=0.1|l2=0.0005|batch=256|bn=True
ok,"{""batch_norm"": true, ""batch_size"": 128, ""dropout"": 0.2, ""l2"": 0.0001, ""learning_rate"": 0.001, ""units"": [256, 128, 64, 32]}",256-128-64-32,0.2,0.0001,0.001,128,True,30,22,85.14306759997271,0.8489193463363205,0.7823165815640957,0.8237125070741369,0.8024810475534114,0.933576308718903,,Broad Search,Adam,relu,256-128-64-32|Adam|lr=0.001|dropout=0.2|l2=0.0001|batch=128|bn=True
ok,"{""batch_norm"": true, ""batch_size"": 256, ""dropout"": 0.1, ""l2"": 1e-05, ""learning_rate"": 0.0005, ""units"": [128, 64]}",128-64,0.1,1e-05,0.0005,256,True,61,53,63.885100399842486,0.8534001054296257,0.8076647050380364,0.7961233729485003,0.8018525115781974,0.933563315891324,,Broad Search,Adam,relu,128-64|Adam|lr=0.0005|dropout=0.1|l2=1e-05|batch=256|bn=True
ok,"{""batch_norm"": true, ""batch_size"": 256, ""dropout"": 0.1, ""l2"": 0.0001, ""learning_rate"": 0.001, ""units"": [256, 128, 64]}",256-128-64,0.1,0.0001,0.001,256,True,31,23,48.71790070016869,0.8534528202424881,0.8072513614216108,0.7969722693831353,0.8020788836679482,0.9335312023289232,,Broad Search,Adam,relu,256-128-64|Adam|lr=0.001|dropout=0.1|l2=0.0001|batch=256|bn=True
ok,"{""batch_norm"": false, ""batch_size"": 512, ""dropout"": 0.4, ""l2"": 0.0001, ""learning_rate"": 0.0005, ""units"": [128, 64, 32]}",128-64-32,0.4,0.0001,0.0005,512,False,80,79,51.91273929993622,0.8569847127042699,0.8369178400123781,0.7652801358234296,0.7994974502993127,0.9335101855684848,,Broad Search,Adam,relu,128-64-32|Adam|lr=0.0005|dropout=0.4|l2=0.0001|batch=512|bn=False
ok,"{""batch_norm"": false, ""batch_size"": 512, ""dropout"": 0.3, ""l2"": 0.0001, ""learning_rate"": 0.0005, ""units"": [128, 64]}",128-64,0.3,0.0001,0.0005,512,False,80,76,49.97904259990901,0.8564048497627833,0.830191547582852,0.7726372382569326,0.8003810640480727,0.9334915284386726,,Broad Search,Adam,relu,128-64|Adam|lr=0.0005|dropout=0.3|l2=0.0001|batch=512|bn=False
ok,"{""batch_norm"": false, ""batch_size"": 128, ""dropout"": 0.2, ""l2"": 0.0005, ""learning_rate"": 0.0005, ""units"": [128, 64]}",128-64,0.2,0.0005,0.0005,128,False,80,74,116.68916710000484,0.855983131259884,0.8228111971411555,0.7818336162988115,0.801799187463726,0.9334873084443536,,Broad Search,Adam,relu,128-64|Adam|lr=0.0005|dropout=0.2|l2=0.0005|batch=128|bn=False
ok,"{""batch_norm"": false, ""batch_size"": 256, ""dropout"": 0.1, ""l2"": 1e-05, ""learning_rate"": 0.0005, ""units"": [128, 64]}",128-64,0.1,1e-05,0.0005,256,False,80,80,70.65431860019453,0.8561412756984713,0.8270767375244987,0.7761743067345784,0.8008174585796657,0.933433476770346,,Broad Search,Adam,relu,128-64|Adam|lr=0.0005|dropout=0.1|l2=1e-05|batch=256|bn=False
ok,"{""batch_norm"": false, ""batch_size"": 512, ""dropout"": 0.3, ""l2"": 0.0005, ""learning_rate"": 0.00025, ""units"": [256, 128, 64]}",256-128-64,0.3,0.0005,0.00025,512,False,80,76,66.55945449997671,0.8550342646283605,0.8238823882388239,0.7770232031692134,0.799767001601864,0.9334154853297782,,Broad Search,Adam,relu,256-128-64|Adam|lr=0.00025|dropout=0.3|l2=0.0005|batch=512|bn=False
ok,"{""batch_norm"": true, ""batch_size"": 512, ""dropout"": 0.4, ""l2"": 1e-05, ""learning_rate"": 0.00025, ""units"": [256, 128, 64, 32]}",256-128-64-32,0.4,1e-05,0.00025,512,True,80,80,97.52178209996782,0.8530838165524512,0.8142710321538688,0.7846632710809281,0.7991930254341091,0.9333209871753064,,Broad Search,Adam,relu,256-128-64-32|Adam|lr=0.00025|dropout=0.4|l2=1e-05|batch=512|bn=True
ok,"{""batch_norm"": false, ""batch_size"": 128, ""dropout"": 0.4, ""l2"": 0.0001, ""learning_rate"": 0.0005, ""units"": [128, 64]}",128-64,0.4,0.0001,0.0005,128,False,80,78,120.64879880007356,0.855086979441223,0.8312624635680319,0.7666949632144878,0.7976742474424082,0.933213103912094,,Broad Search,Adam,relu,128-64|Adam|lr=0.0005|dropout=0.4|l2=0.0001|batch=128|bn=False
ok,"{""batch_norm"": false, ""batch_size"": 256, ""dropout"": 0.1, ""l2"": 0.0005, ""learning_rate"": 0.00025, ""units"": [128, 64, 32]}",128-64-32,0.1,0.0005,0.00025,256,False,80,80,74.981996800052,0.8541908276225619,0.8194238194238195,0.7807017543859649,0.7995942617012027,0.9331723661077824,,Broad Search,Adam,relu,128-64-32|Adam|lr=0.00025|dropout=0.1|l2=0.0005|batch=256|bn=False
ok,"{""batch_norm"": true, ""batch_size"": 256, ""dropout"": 0.1, ""l2"": 0.0005, ""learning_rate"": 0.0005, ""units"": [256, 128, 64]}",256-128-64,0.1,0.0005,0.0005,256,True,32,24,50.95921859983355,0.8527675276752767,0.8065395095367848,0.7956989247311828,0.8010825439783491,0.9331329477946524,,Broad Search,Adam,relu,256-128-64|Adam|lr=0.0005|dropout=0.1|l2=0.0005|batch=256|bn=True
ok,"{""batch_norm"": false, ""batch_size"": 512, ""dropout"": 0.1, ""l2"": 0.0005, ""learning_rate"": 0.001, ""units"": [128, 64]}",128-64,0.1,0.0005,0.001,512,False,80,78,48.38268640008755,0.8539272535582498,0.8156309681210518,0.7855121675155631,0.8002882882882882,0.933026829796669,,Broad Search,Adam,relu,128-64|Adam|lr=0.001|dropout=0.1|l2=0.0005|batch=512|bn=False
ok,"{""batch_norm"": false, ""batch_size"": 128, ""dropout"": 0.2, ""l2"": 1e-05, ""learning_rate"": 0.001, ""units"": [64, 32]}",64-32,0.2,1e-05,0.001,128,False,65,57,85.50581220001914,0.8561939905113337,0.831601466992665,0.7699490662139219,0.7995885982956215,0.932991999984404,,Broad Search,Adam,relu,64-32|Adam|lr=0.001|dropout=0.2|l2=1e-05|batch=128|bn=False
ok,"{""batch_norm"": false, ""batch_size"": 128, ""dropout"": 0.3, ""l2"": 0.0005, ""learning_rate"": 0.00025, ""units"": [128, 64, 32]}",128-64-32,0.3,0.0005,0.00025,128,False,80,76,118.8590702000074,0.8547179757511861,0.8292608430054978,0.7682512733446519,0.7975910693301997,0.9329818838853464,,Broad Search,Adam,relu,128-64-32|Adam|lr=0.00025|dropout=0.3|l2=0.0005|batch=128|bn=False
ok,"{""batch_norm"": true, ""batch_size"": 128, ""dropout"": 0.1, ""l2"": 0.0, ""learning_rate"": 0.001, ""units"": [128, 64]}",128-64,0.1,0.0,0.001,128,True,58,50,91.9391050999984,0.8549288350026357,0.8151285046728972,0.7897566496887379,0.8022420235699914,0.9329817709559212,,Broad Search,Adam,relu,128-64|Adam|lr=0.001|dropout=0.1|l2=0.0|batch=128|bn=True
ok,"{""batch_norm"": true, ""batch_size"": 128, ""dropout"": 0.4, ""l2"": 0.0, ""learning_rate"": 0.0005, ""units"": [128, 64, 32]}",128-64-32,0.4,0.0,0.0005,128,True,80,77,150.42050700006075,0.8547179757511861,0.8108419838523645,0.7956989247311828,0.8031990859754355,0.932969247677006,,Broad Search,Adam,relu,128-64-32|Adam|lr=0.0005|dropout=0.4|l2=0.0|batch=128|bn=True
ok,"{""batch_norm"": true, ""batch_size"": 128, ""dropout"": 0.1, ""l2"": 0.0001, ""learning_rate"": 0.001, ""units"": [256, 128, 64, 32]}",256-128-64-32,0.1,0.0001,0.001,128,True,30,22,83.80192240001634,0.8503426462836057,0.7911331405755198,0.8129598189020939,0.8018979833926453,0.9329439039364774,,Broad Search,Adam,relu,256-128-64-32|Adam|lr=0.001|dropout=0.1|l2=0.0001|batch=128|bn=True
ok,"{""batch_norm"": true, ""batch_size"": 512, ""dropout"": 0.2, ""l2"": 0.0001, ""learning_rate"": 0.001, ""units"": [64, 32]}",64-32,0.2,0.0001,0.001,512,True,80,73,52.06910500000231,0.8547706905640485,0.8308022702868538,0.7662705149971704,0.7972326488555237,0.9329299066313776,,Broad Search,Adam,relu,64-32|Adam|lr=0.001|dropout=0.2|l2=0.0001|batch=512|bn=True
ok,"{""activation"": ""relu"", ""batch_norm"": false, ""batch_size"": 512, ""dropout"": 0.3, ""l2"": 1e-05, ""learning_rate"": 0.005, ""optimizer"": ""SGD"", ""units"": [256, 128, 64]}",256-128-64,0.3,1e-05,0.005,512,False,150,150,135.88337130006403,0.854454401686874,0.8203183102781496,0.7802773061686474,0.7997969690377783,0.932920462165219,,Focused Search,SGD,relu,256-128-64|SGD|lr=0.005|dropout=0.3|l2=1e-05|batch=512|bn=False
ok,"{""batch_norm"": true, ""batch_size"": 512, ""dropout"": 0.1, ""l2"": 0.0001, ""learning_rate"": 0.001, ""units"": [64, 32]}",64-32,0.1,0.0001,0.001,512,True,57,49,40.98065639985725,0.8554559831312599,0.823608617594255,0.7788624787775892,0.8006108202443281,0.9327127730645396,,Broad Search,Adam,relu,64-32|Adam|lr=0.001|dropout=0.1|l2=0.0001|batch=512|bn=True
ok,"{""batch_norm"": true, ""batch_size"": 256, ""dropout"": 0.4, ""l2"": 0.0001, ""learning_rate"": 0.00025, ""units"": [128, 64]}",128-64,0.4,0.0001,0.00025,256,True,80,80,86.19049379997887,0.8546125461254612,0.8322540857230959,0.7637238256932655,0.7965176331710196,0.9325643243629804,,Broad Search,Adam,relu,128-64|Adam|lr=0.00025|dropout=0.4|l2=0.0001|batch=256|bn=True
ok,"{""batch_norm"": false, ""batch_size"": 256, ""dropout"": 0.1, ""l2"": 0.0, ""learning_rate"": 0.001, ""units"": [64, 32]}",64-32,0.1,0.0,0.001,256,False,80,72,62.72400090005249,0.8577754348972061,0.827979585709997,0.7804187889077533,0.803495994173343,0.9325595813271124,,Broad Search,Adam,relu,64-32|Adam|lr=0.001|dropout=0.1|l2=0.0|batch=256|bn=False
ok,"{""batch_norm"": true, ""batch_size"": 512, ""dropout"": 0.3, ""l2"": 0.0, ""learning_rate"": 0.00025, ""units"": [128, 64]}",128-64,0.3,0.0,0.00025,512,True,80,80,60.9693439998664,0.8520822351080654,0.8233687405159332,0.7676853423882286,0.7945526431395519,0.9325483537647627,,Broad Search,Adam,relu,128-64|Adam|lr=0.00025|dropout=0.3|l2=0.0|batch=512|bn=True
ok,"{""batch_norm"": true, ""batch_size"": 512, ""dropout"": 0.3, ""l2"": 0.0001, ""learning_rate"": 0.001, ""units"": [64, 32]}",64-32,0.3,0.0001,0.001,512,True,80,80,48.90674200002104,0.8539799683711122,0.8290964777947932,0.7659875495189586,0.7962935725842035,0.9324824089239636,,Broad Search,Adam,relu,64-32|Adam|lr=0.001|dropout=0.3|l2=0.0001|batch=512|bn=True
ok,"{""batch_norm"": false, ""batch_size"": 128, ""dropout"": 0.3, ""l2"": 0.0001, ""learning_rate"": 0.001, ""units"": [64, 32]}",64-32,0.3,0.0001,0.001,128,False,80,75,106.31524109980091,0.8555614127569847,0.831698344573881,0.7676853423882286,0.7984108298999412,0.9324569819722794,,Broad Search,Adam,relu,64-32|Adam|lr=0.001|dropout=0.3|l2=0.0001|batch=128|bn=False
ok,"{""batch_norm"": true, ""batch_size"": 128, ""dropout"": 0.1, ""l2"": 0.0, ""learning_rate"": 0.00025, ""units"": [128, 64, 32]}",128-64-32,0.1,0.0,0.00025,128,True,76,68,150.26041990006345,0.854454401686874,0.8177659731444592,0.7840973401245048,0.8005778259299386,0.9324448153126024,,Broad Search,Adam,relu,128-64-32|Adam|lr=0.00025|dropout=0.1|l2=0.0|batch=128|bn=True
ok,"{""batch_norm"": false, ""batch_size"": 128, ""dropout"": 0.1, ""l2"": 0.0001, ""learning_rate"": 0.001, ""units"": [64, 32]}",64-32,0.1,0.0001,0.001,128,False,68,60,85.77730099996552,0.8545071164997364,0.8254759746146872,0.7729202037351444,0.7983340640070145,0.9323885586277748,,Broad Search,Adam,relu,64-32|Adam|lr=0.001|dropout=0.1|l2=0.0001|batch=128|bn=False
ok,"{""batch_norm"": true, ""batch_size"": 256, ""dropout"": 0.2, ""l2"": 1e-05, ""learning_rate"": 0.0005, ""units"": [64, 32]}",64-32,0.2,1e-05,0.0005,256,True,80,72,82.25179619994015,0.8545598313125988,0.8268851464117737,0.7710809281267685,0.7980086389926057,0.9323582341052188,,Broad Search,Adam,relu,64-32|Adam|lr=0.0005|dropout=0.2|l2=1e-05|batch=256|bn=True
ok,"{""batch_norm"": true, ""batch_size"": 512, ""dropout"": 0.2, ""l2"": 1e-05, ""learning_rate"": 0.001, ""units"": [64, 32]}",64-32,0.2,1e-05,0.001,512,True,80,80,50.852811000077054,0.8543489720611492,0.8279750114277007,0.7688172043010753,0.7973002714400997,0.9322035326796836,,Broad Search,Adam,relu,64-32|Adam|lr=0.001|dropout=0.2|l2=1e-05|batch=512|bn=True
ok,"{""batch_norm"": true, ""batch_size"": 256, ""dropout"": 0.2, ""l2"": 0.0005, ""learning_rate"": 0.0005, ""units"": [64, 32]}",64-32,0.2,0.0005,0.0005,256,True,69,61,63.138344400096685,0.8539799683711122,0.8276913693199146,0.7679683078664403,0.7967121679142816,0.932141498763197,,Broad Search,Adam,relu,64-32|Adam|lr=0.0005|dropout=0.2|l2=0.0005|batch=256|bn=True
ok,"{""batch_norm"": false, ""batch_size"": 512, ""dropout"": 0.2, ""l2"": 0.0001, ""learning_rate"": 0.001, ""units"": [64, 32]}",64-32,0.2,0.0001,0.001,512,False,80,80,44.30571630015038,0.8539799683711122,0.828693790149893,0.766553480475382,0.7964133470527708,0.93202651283349,,Broad Search,Adam,relu,64-32|Adam|lr=0.001|dropout=0.2|l2=0.0001|batch=512|bn=False
ok,"{""batch_norm"": false, ""batch_size"": 256, ""dropout"": 0.1, ""l2"": 0.0005, ""learning_rate"": 0.001, ""units"": [64, 32]}",64-32,0.1,0.0005,0.001,256,False,80,78,64.06318669999018,0.8554559831312599,0.8237054774019754,0.7787209960384833,0.8005818181818182,0.9319568472653058,,Broad Search,Adam,relu,64-32|Adam|lr=0.001|dropout=0.1|l2=0.0005|batch=256|bn=False
ok,"{""batch_norm"": false, ""batch_size"": 256, ""dropout"": 0.1, ""l2"": 1e-05, ""learning_rate"": 0.001, ""units"": [64, 32]}",64-32,0.1,1e-05,0.001,256,False,63,55,47.6779428999871,0.8529256721138639,0.8177361853832442,0.7788624787775892,0.7978260869565217,0.9318284702832044,,Broad Search,Adam,relu,64-32|Adam|lr=0.001|dropout=0.1|l2=1e-05|batch=256|bn=False
ok,"{""batch_norm"": true, ""batch_size"": 256, ""dropout"": 0.2, ""l2"": 0.0, ""learning_rate"": 0.0005, ""units"": [64, 32]}",64-32,0.2,0.0,0.0005,256,True,80,78,72.84864369989373,0.8522403795466527,0.8220812566077632,0.7700905489530278,0.7952370516473081,0.9317793994760264,,Broad Search,Adam,relu,64-32|Adam|lr=0.0005|dropout=0.2|l2=0.0|batch=256|bn=True
ok,"{""batch_norm"": true, ""batch_size"": 128, ""dropout"": 0.1, ""l2"": 1e-05, ""learning_rate"": 0.0005, ""units"": [64, 32]}",64-32,0.1,1e-05,0.0005,128,True,80,78,127.15528850001284,0.8541381128096995,0.8185454006813805,0.7818336162988115,0.799768434763731,0.9317152139568028,,Broad Search,Adam,relu,64-32|Adam|lr=0.0005|dropout=0.1|l2=1e-05|batch=128|bn=True
ok,"{""batch_norm"": true, ""batch_size"": 256, ""dropout"": 0.4, ""l2"": 0.0, ""learning_rate"": 0.00025, ""units"": [128, 64, 32]}",128-64-32,0.4,0.0,0.00025,256,True,80,79,101.7285821000114,0.8554032683183975,0.8221361537315656,0.7808432371250708,0.8009578405050432,0.93171332387484,,Broad Search,Adam,relu,128-64-32|Adam|lr=0.00025|dropout=0.4|l2=0.0|batch=256|bn=True
ok,"{""batch_norm"": false, ""batch_size"": 256, ""dropout"": 0.3, ""l2"": 0.0001, ""learning_rate"": 0.00025, ""units"": [128, 64]}",128-64,0.3,0.0001,0.00025,256,False,80,79,71.97819019993767,0.8534528202424881,0.8244552058111381,0.7707979626485568,0.7967241883591694,0.9316839681678816,,Broad Search,Adam,relu,128-64|Adam|lr=0.00025|dropout=0.3|l2=0.0001|batch=256|bn=False
ok,"{""batch_norm"": true, ""batch_size"": 256, ""dropout"": 0.1, ""l2"": 0.0, ""learning_rate"": 0.0005, ""units"": [64, 32]}",64-32,0.1,0.0,0.0005,256,True,80,79,81.01950130006298,0.852662098049552,0.8141449786796059,0.7833899264289756,0.7984714110606388,0.9315800849837907,,Broad Search,Adam,relu,64-32|Adam|lr=0.0005|dropout=0.1|l2=0.0|batch=256|bn=True
ok,"{""batch_norm"": false, ""batch_size"": 128, ""dropout"": 0.2, ""l2"": 0.0005, ""learning_rate"": 0.00025, ""units"": [128, 64]}",128-64,0.2,0.0005,0.00025,128,False,80,75,114.32049920014106,0.8540853979968371,0.8225322532253225,0.7757498585172609,0.7984563856123489,0.9315658974817642,,Broad Search,Adam,relu,128-64|Adam|lr=0.00025|dropout=0.2|l2=0.0005|batch=128|bn=False
ok,"{""batch_norm"": false, ""batch_size"": 256, ""dropout"": 0.2, ""l2"": 1e-05, ""learning_rate"": 0.0005, ""units"": [64, 32]}",64-32,0.2,1e-05,0.0005,256,False,80,75,61.303881199797615,0.8515550869794413,0.8229040097205347,0.766553480475382,0.7937298564312921,0.9314343228138264,,Broad Search,Adam,relu,64-32|Adam|lr=0.0005|dropout=0.2|l2=1e-05|batch=256|bn=False
ok,"{""batch_norm"": true, ""batch_size"": 256, ""dropout"": 0.1, ""l2"": 0.0005, ""learning_rate"": 0.00025, ""units"": [64, 32]}",64-32,0.1,0.0005,0.00025,256,True,78,70,71.59896779991686,0.8516605166051661,0.8184131736526946,0.7734861346915677,0.7953156822810591,0.93141444723495,,Broad Search,Adam,relu,64-32|Adam|lr=0.00025|dropout=0.1|l2=0.0005|batch=256|bn=True
ok,"{""batch_norm"": false, ""batch_size"": 128, ""dropout"": 0.3, ""l2"": 0.0001, ""learning_rate"": 0.0005, ""units"": [64, 32]}",64-32,0.3,0.0001,0.0005,128,False,80,80,101.54865999985486,0.8554032683183975,0.8334618350038551,0.7647142048670063,0.7976093853759315,0.9313681818324466,,Broad Search,Adam,relu,64-32|Adam|lr=0.0005|dropout=0.3|l2=0.0001|batch=128|bn=False
ok,"{""batch_norm"": true, ""batch_size"": 128, ""dropout"": 0.3, ""l2"": 0.0001, ""learning_rate"": 0.00025, ""units"": [64, 32]}",64-32,0.3,0.0001,0.00025,128,True,80,80,120.7579111000523,0.8512915129151292,0.8236549306508154,0.7645727221279004,0.79301489470981,0.931132813135228,,Broad Search,Adam,relu,64-32|Adam|lr=0.00025|dropout=0.3|l2=0.0001|batch=128|bn=True
ok,"{""batch_norm"": false, ""batch_size"": 512, ""dropout"": 0.4, ""l2"": 0.0, ""learning_rate"": 0.00025, ""units"": [128, 64, 32]}",128-64-32,0.4,0.0,0.00025,512,False,80,80,50.6249258001335,0.8545598313125988,0.8299892786031552,0.7666949632144878,0.7970875928513643,0.9310479020946104,,Broad Search,Adam,relu,128-64-32|Adam|lr=0.00025|dropout=0.4|l2=0.0|batch=512|bn=False
ok,"{""batch_norm"": true, ""batch_size"": 512, ""dropout"": 0.2, ""l2"": 1e-05, ""learning_rate"": 0.0005, ""units"": [64, 32]}",64-32,0.2,1e-05,0.0005,512,True,80,80,50.925959799904376,0.8526093832366896,0.8287165281625115,0.7618845500848896,0.7938965059708094,0.9310149029277678,,Broad Search,Adam,relu,64-32|Adam|lr=0.0005|dropout=0.2|l2=1e-05|batch=512|bn=True
ok,"{""batch_norm"": true, ""batch_size"": 256, ""dropout"": 0.1, ""l2"": 1e-05, ""learning_rate"": 0.00025, ""units"": [64, 32]}",64-32,0.1,1e-05,0.00025,256,True,80,80,72.12249780003913,0.8513442277279916,0.8177737881508079,0.7733446519524618,0.7949389179755671,0.9309452433032376,,Broad Search,Adam,relu,64-32|Adam|lr=0.00025|dropout=0.1|l2=1e-05|batch=256|bn=True
ok,"{""batch_norm"": true, ""batch_size"": 512, ""dropout"": 0.4, ""l2"": 0.0001, ""learning_rate"": 0.00025, ""units"": [128, 64]}",128-64,0.4,0.0001,0.00025,512,True,80,79,65.67096240003593,0.8528729573010015,0.8280411105997852,0.7637238256932655,0.7945830573342165,0.9309054802581772,,Broad Search,Adam,relu,128-64|Adam|lr=0.00025|dropout=0.4|l2=0.0001|batch=512|bn=True
ok,"{""batch_norm"": true, ""batch_size"": 512, ""dropout"": 0.3, ""l2"": 0.0001, ""learning_rate"": 0.0005, ""units"": [64, 32]}",64-32,0.3,0.0001,0.0005,512,True,80,80,52.87200760003179,0.8518186610437533,0.8319039451114922,0.7548104131295982,0.7914843112528744,0.9307396166504855,,Broad Search,Adam,relu,64-32|Adam|lr=0.0005|dropout=0.3|l2=0.0001|batch=512|bn=True
ok,"{""batch_norm"": false, ""batch_size"": 256, ""dropout"": 0.1, ""l2"": 0.0, ""learning_rate"": 0.0005, ""units"": [64, 32]}",64-32,0.1,0.0,0.0005,256,False,79,71,61.37753000017256,0.8524512387981023,0.8212189616252822,0.7720713073005093,0.7958871144169766,0.9306362208460206,,Broad Search,Adam,relu,64-32|Adam|lr=0.0005|dropout=0.1|l2=0.0|batch=256|bn=False
ok,"{""batch_norm"": false, ""batch_size"": 128, ""dropout"": 0.4, ""l2"": 1e-05, ""learning_rate"": 0.001, ""units"": [64, 32]}",64-32,0.4,1e-05,0.001,128,False,77,69,103.81702179997228,0.8532419609910384,0.8390313390313391,0.75,0.7920215150156881,0.9305543529562356,,Broad Search,Adam,relu,64-32|Adam|lr=0.001|dropout=0.4|l2=1e-05|batch=128|bn=False
ok,"{""batch_norm"": false, ""batch_size"": 512, ""dropout"": 0.1, ""l2"": 0.0001, ""learning_rate"": 0.00025, ""units"": [128, 64]}",128-64,0.1,0.0001,0.00025,512,False,80,80,46.81118190009147,0.8500790722192936,0.8168316831683168,0.7703735144312394,0.7929226736566186,0.9303205712146272,,Broad Search,Adam,relu,128-64|Adam|lr=0.00025|dropout=0.1|l2=0.0001|batch=512|bn=False
ok,"{""batch_norm"": true, ""batch_size"": 512, ""dropout"": 0.4, ""l2"": 0.0, ""learning_rate"": 0.00025, ""units"": [128, 64]}",128-64,0.4,0.0,0.00025,512,True,80,79,65.19831230002455,0.851396942540854,0.8262939640608201,0.7611771363893605,0.7924000294572502,0.9302105185177154,,Broad Search,Adam,relu,128-64|Adam|lr=0.00025|dropout=0.4|l2=0.0|batch=512|bn=True
ok,"{""batch_norm"": true, ""batch_size"": 512, ""dropout"": 0.4, ""l2"": 1e-05, ""learning_rate"": 0.001, ""units"": [64, 32]}",64-32,0.4,1e-05,0.001,512,True,80,80,50.51123850001022,0.8508170795993675,0.8315081351689612,0.7519807583474816,0.7897473997028231,0.9301595516849214,,Broad Search,Adam,relu,64-32|Adam|lr=0.001|dropout=0.4|l2=1e-05|batch=512|bn=True
ok,"{""batch_norm"": true, ""batch_size"": 512, ""dropout"": 0.3, ""l2"": 1e-05, ""learning_rate"": 0.0005, ""units"": [64, 32]}",64-32,0.3,1e-05,0.0005,512,True,80,79,51.7745173999574,0.849868212967844,0.8301001251564456,0.7507074136955292,0.788410104011887,0.9301071524315204,,Broad Search,Adam,relu,64-32|Adam|lr=0.0005|dropout=0.3|l2=1e-05|batch=512|bn=True
ok,"{""batch_norm"": true, ""batch_size"": 512, ""dropout"": 0.1, ""l2"": 1e-05, ""learning_rate"": 0.00025, ""units"": [64, 32]}",64-32,0.1,1e-05,0.00025,512,True,80,79,49.32969920011237,0.8490774907749078,0.8194803221394925,0.7630164119977363,0.7902410432998754,0.9299892362804062,,Broad Search,Adam,relu,64-32|Adam|lr=0.00025|dropout=0.1|l2=1e-05|batch=512|bn=True
ok,"{""batch_norm"": false, ""batch_size"": 512, ""dropout"": 0.3, ""l2"": 0.0001, ""learning_rate"": 0.00025, ""units"": [128, 64]}",128-64,0.3,0.0001,0.00025,512,False,80,80,46.68662689998746,0.8497100685292567,0.8196149765044717,0.7649971703452179,0.7913648005854372,0.9299732716258422,,Broad Search,Adam,relu,128-64|Adam|lr=0.00025|dropout=0.3|l2=0.0001|batch=512|bn=False
ok,"{""batch_norm"": false, ""batch_size"": 128, ""dropout"": 0.1, ""l2"": 0.0001, ""learning_rate"": 0.00025, ""units"": [64, 32]}",64-32,0.1,0.0001,0.00025,128,False,80,80,99.73299920000136,0.8501845018450185,0.8158445440956652,0.7722127900396152,0.7934292775112661,0.9299619370777212,,Broad Search,Adam,relu,64-32|Adam|lr=0.00025|dropout=0.1|l2=0.0001|batch=128|bn=False
ok,"{""batch_norm"": false, ""batch_size"": 128, ""dropout"": 0.2, ""l2"": 0.0005, ""learning_rate"": 0.0005, ""units"": [64, 32]}",64-32,0.2,0.0005,0.0005,128,False,80,80,99.9425892001018,0.8512387981022668,0.8216666666666667,0.7672608941709111,0.7935323383084577,0.9298567581770651,,Broad Search,Adam,relu,64-32|Adam|lr=0.0005|dropout=0.2|l2=0.0005|batch=128|bn=False
ok,"{""batch_norm"": false, ""batch_size"": 256, ""dropout"": 0.4, ""l2"": 1e-05, ""learning_rate"": 0.0005, ""units"": [64, 32]}",64-32,0.4,1e-05,0.0005,256,False,80,75,63.72666730009951,0.8505535055350554,0.841205868128325,0.7382569326542162,0.7863763092457238,0.9297506877283136,,Broad Search,Adam,relu,64-32|Adam|lr=0.0005|dropout=0.4|l2=1e-05|batch=256|bn=False
ok,"{""batch_norm"": true, ""batch_size"": 512, ""dropout"": 0.3, ""l2"": 0.0005, ""learning_rate"": 0.00025, ""units"": [64, 32]}",64-32,0.3,0.0005,0.00025,512,True,80,80,51.61563539993949,0.8499209277807064,0.8233491650068945,0.7603282399547255,0.7905847738139021,0.9295789696214616,,Broad Search,Adam,relu,64-32|Adam|lr=0.00025|dropout=0.3|l2=0.0005|batch=512|bn=True
ok,"{""batch_norm"": false, ""batch_size"": 256, ""dropout"": 0.3, ""l2"": 0.0005, ""learning_rate"": 0.0005, ""units"": [64, 32]}",64-32,0.3,0.0005,0.0005,256,False,80,78,64.68778289994225,0.8537163943068002,0.8264638783269962,0.7688172043010753,0.7965989884922671,0.929388618159413,,Broad Search,Adam,relu,64-32|Adam|lr=0.0005|dropout=0.3|l2=0.0005|batch=256|bn=False
ok,"{""batch_norm"": false, ""batch_size"": 512, ""dropout"": 0.1, ""l2"": 0.0, ""learning_rate"": 0.0005, ""units"": [64, 32]}",64-32,0.1,0.0,0.0005,512,False,80,79,40.474933499936014,0.8500790722192936,0.8186481593240796,0.7676853423882286,0.7923481308411215,0.929353360404062,,Broad Search,Adam,relu,64-32|Adam|lr=0.0005|dropout=0.1|l2=0.0|batch=512|bn=False
ok,"{""batch_norm"": false, ""batch_size"": 256, ""dropout"": 0.3, ""l2"": 0.0005, ""learning_rate"": 0.001, ""units"": [256, 128, 64, 32]}",256-128-64-32,0.3,0.0005,0.001,256,False,26,18,34.661043599946424,0.8478123352662098,0.7922549979029778,0.8017826825127334,0.7969903663596091,0.9292012801299274,,Broad Search,Adam,relu,256-128-64-32|Adam|lr=0.001|dropout=0.3|l2=0.0005|batch=256|bn=False
ok,"{""batch_norm"": false, ""batch_size"": 256, ""dropout"": 0.1, ""l2"": 0.0, ""learning_rate"": 0.00025, ""units"": [64, 32]}",64-32,0.1,0.0,0.00025,256,False,80,80,61.54764429992065,0.8489720611491829,0.8140786130623225,0.7706564799094511,0.7917726578966494,0.928562438370252,,Broad Search,Adam,relu,64-32|Adam|lr=0.00025|dropout=0.1|l2=0.0|batch=256|bn=False
ok,"{""batch_norm"": true, ""batch_size"": 512, ""dropout"": 0.2, ""l2"": 1e-05, ""learning_rate"": 0.00025, ""units"": [64, 32]}",64-32,0.2,1e-05,0.00025,512,True,80,79,51.64857569988817,0.8492883500263574,0.8266335557969889,0.7535370684776457,0.7883946414033011,0.928125936422683,,Broad Search,Adam,relu,64-32|Adam|lr=0.00025|dropout=0.2|l2=1e-05|batch=512|bn=True
ok,"{""batch_norm"": false, ""batch_size"": 256, ""dropout"": 0.3, ""l2"": 0.0005, ""learning_rate"": 0.00025, ""units"": [64, 32]}",64-32,0.3,0.0005,0.00025,256,False,80,80,64.17408029991202,0.8487612018977333,0.8185404339250493,0.7632993774759479,0.7899553408009371,0.9269490751056284,,Broad Search,Adam,relu,64-32|Adam|lr=0.00025|dropout=0.3|l2=0.0005|batch=256|bn=False
ok,"{""batch_norm"": false, ""batch_size"": 512, ""dropout"": 0.2, ""l2"": 1e-05, ""learning_rate"": 0.00025, ""units"": [64, 32]}",64-32,0.2,1e-05,0.00025,512,False,80,79,42.13682759995572,0.8447548761201897,0.8217574527860153,0.7449066213921901,0.7814471243042672,0.9259801703536816,,Broad Search,Adam,relu,64-32|Adam|lr=0.00025|dropout=0.2|l2=1e-05|batch=512|bn=False
ok,"{""batch_norm"": false, ""batch_size"": 512, ""dropout"": 0.3, ""l2"": 1e-05, ""learning_rate"": 0.00025, ""units"": [64, 32]}",64-32,0.3,1e-05,0.00025,512,False,80,80,42.918074700050056,0.8449657353716394,0.8236862745098039,0.7429258630447085,0.781224429070892,0.9256717779237856,,Broad Search,Adam,relu,64-32|Adam|lr=0.00025|dropout=0.3|l2=1e-05|batch=512|bn=False
ok,"{""batch_norm"": false, ""batch_size"": 512, ""dropout"": 0.2, ""l2"": 0.0005, ""learning_rate"": 0.00025, ""units"": [64, 32]}",64-32,0.2,0.0005,0.00025,512,False,80,79,41.34225329989568,0.8459673168160253,0.8124811576725958,0.7625919637804188,0.7867464603707488,0.9253907500767684,,Broad Search,Adam,relu,64-32|Adam|lr=0.00025|dropout=0.2|l2=0.0005|batch=512|bn=False
